{
"type": "FeatureCollection",
"name": "VicSubset",
"crs": { "type": "name", "properties": { "name": "urn:ogc:def:crs:OGC:1.3:CRS84" } },
"features": [
{ "type": "Feature", "properties": { "CharName": "Abbeyard", "code": "ABBEYARD", "country": "AU", "lat": "3654.900S", "lon": "14642.067E", "elev": "1168ft", "style": "1", "rwdir": null, "rwlen": null, "freq": null, "desc": "Turn Point, R/J camping area", "Lat DM": "-36d 54.900", "Long DM": "146d 42.067" }, "geometry": { "type": "Point", "coordinates": [ 146.701116666666678, -36.915 ] } },
{ "type": "Feature", "properties": { "CharName": "Albury", "code": "ALBURY", "country": "AU", "lat": "3604.000S", "lon": "14656.500E", "elev": null, "style": "5", "rwdir": null, "rwlen": null, "freq": null, "desc": "Turn Point, A/D", "Lat DM": "-36d 04.000", "Long DM": "146d 56.500" }, "geometry": { "type": "Point", "coordinates": [ 146.941666666666663, -36.06666666666667 ] } },
{ "type": "Feature", "properties": { "CharName": "Albury", "code": "ALBURY", "country": "AU", "lat": "3604.100S", "lon": "14657.500E", "elev": "538ft", "style": "5", "rwdir": "260", "rwlen": "1890.0m", "freq": "123.25", "desc": "Turn Point, YMAY, Controlled Airport", "Lat DM": "-36d 04.100", "Long DM": "146d 57.500" }, "geometry": { "type": "Point", "coordinates": [ 146.958333333333343, -36.068333333333335 ] } },
{ "type": "Feature", "properties": { "CharName": "Albury A/D", "code": "ALBURY", "country": "AU", "lat": "3603.983S", "lon": "14657.150E", "elev": "538ft", "style": "5", "rwdir": "70", "rwlen": "1900.0m", "freq": "123.25", "desc": "Turn Point, YMAY, sealed 07/25", "Lat DM": "-36d 03.983", "Long DM": "146d 57.150" }, "geometry": { "type": "Point", "coordinates": [ 146.9525, -36.066383333333334 ] } },
{ "type": "Feature", "properties": { "CharName": "Albury AD", "code": "ALBURY", "country": "AU", "lat": "3604.017S", "lon": "14657.467E", "elev": "531ft", "style": "5", "rwdir": "70", "rwlen": "1900.0m", "freq": "123.25", "desc": "Airfield, YMAY, Turn Point", "Lat DM": "-36d 04.017", "Long DM": "146d 57.467" }, "geometry": { "type": "Point", "coordinates": [ 146.957783333333339, -36.06695 ] } },
{ "type": "Feature", "properties": { "CharName": "Avondale", "code": "AVONDALE", "country": "AU", "lat": "3601.000S", "lon": "14644.000E", "elev": null, "style": "1", "rwdir": null, "rwlen": null, "freq": null, "desc": "Turn Point", "Lat DM": "-36d 01.000", "Long DM": "146d 44.000" }, "geometry": { "type": "Point", "coordinates": [ 146.73333333333332, -36.016666666666666 ] } },
{ "type": "Feature", "properties": { "CharName": "Avondale AS", "code": "AVONDALS", "country": "AU", "lat": "3614.350S", "lon": "14731.300E", "elev": "2894ft", "style": "2", "rwdir": "50", "rwlen": "1100.0m", "freq": null, "desc": "Turn Point, grass 05/23 1100m", "Lat DM": "-36d 14.350", "Long DM": "147d 31.300" }, "geometry": { "type": "Point", "coordinates": [ 147.521666666666675, -36.239166666666669 ] } },
{ "type": "Feature", "properties": { "CharName": "B", "code": "B", "country": "AU", "lat": "3617.933S", "lon": "14610.167E", "elev": null, "style": "1", "rwdir": null, "rwlen": null, "freq": "Turn Point", "desc": null, "Lat DM": "-36d 17.933", "Long DM": "146d 10.167" }, "geometry": { "type": "Point", "coordinates": [ 146.16945, -36.298883333333336 ] } },
{ "type": "Feature", "properties": { "CharName": "Back Creek*", "code": "LS030", "country": "AU", "lat": "3621.945S", "lon": "14650.704E", "elev": "369.0m", "style": "Null", "rwdir": null, "rwlen": null, "freq": null, "desc": "grass 02/20 700mx30m", "Lat DM": "-36d 21.945", "Long DM": "146d 50.704" }, "geometry": { "type": "Point", "coordinates": [ 146.845066666666668, -36.36575 ] } },
{ "type": "Feature", "properties": { "CharName": "Baddaginnie", "code": "BADDAG", "country": "AU", "lat": "3636.000S", "lon": "14551.833E", "elev": "522ft", "style": "1", "rwdir": null, "rwlen": null, "freq": null, "desc": "#110, Turn Point", "Lat DM": "-36d 36.000", "Long DM": "145d 51.833" }, "geometry": { "type": "Point", "coordinates": [ 145.86388333333332, -36.6 ] } },
{ "type": "Feature", "properties": { "CharName": "Baddaginnie RX", "code": "BDDGNNRX", "country": "AU", "lat": "3635.350S", "lon": "14551.500E", "elev": "617ft", "style": "1", "rwdir": null, "rwlen": null, "freq": null, "desc": "Turn Point, rail xing", "Lat DM": "-36d 35.350", "Long DM": "145d 51.500" }, "geometry": { "type": "Point", "coordinates": [ 145.85833333333332, -36.589166666666664 ] } },
{ "type": "Feature", "properties": { "CharName": "BALL", "code": "012BALL", "country": "AU", "lat": "3550.917S", "lon": "14630.867E", "elev": "499ft", "style": "1", "rwdir": null, "rwlen": null, "freq": null, "desc": "Balldale Silo, Turn Point", "Lat DM": "-35d 50.917", "Long DM": "146d 30.867" }, "geometry": { "type": "Point", "coordinates": [ 146.51445, -35.848616666666665 ] } },
{ "type": "Feature", "properties": { "CharName": "Balldale", "code": "BALLDA", "country": "AU", "lat": "3551.033S", "lon": "14630.833E", "elev": "499ft", "style": "1", "rwdir": null, "rwlen": null, "freq": null, "desc": "#111, Town, Turn Point", "Lat DM": "-35d 51.033", "Long DM": "146d 30.833" }, "geometry": { "type": "Point", "coordinates": [ 146.513883333333325, -35.85055 ] } },
{ "type": "Feature", "properties": { "CharName": "Balldale", "code": "BALLDALE", "country": "AU", "lat": "3551.033S", "lon": "14631.017E", "elev": "502ft", "style": "1", "rwdir": null, "rwlen": null, "freq": null, "desc": "Turn Point", "Lat DM": "-35d 51.033", "Long DM": "146d 31.017" }, "geometry": { "type": "Point", "coordinates": [ 146.51695, -35.85055 ] } },
{ "type": "Feature", "properties": { "CharName": "Balldale silo", "code": "BALLDLSL", "country": "AU", "lat": "3550.833S", "lon": "14630.900E", "elev": "522ft", "style": "1", "rwdir": null, "rwlen": null, "freq": null, "desc": "Turn Point, silo", "Lat DM": "-35d 50.833", "Long DM": "146d 30.900" }, "geometry": { "type": "Point", "coordinates": [ 146.515, -35.847216666666668 ] } },
{ "type": "Feature", "properties": { "CharName": "Baranduda", "code": "BARANDUD", "country": "AU", "lat": "3610.783S", "lon": "14657.200E", "elev": "640ft", "style": "1", "rwdir": null, "rwlen": null, "freq": null, "desc": "Turn Point, Y-junc, NE town", "Lat DM": "-36d 10.783", "Long DM": "146d 57.200" }, "geometry": { "type": "Point", "coordinates": [ 146.953333333333347, -36.179716666666664 ] } },
{ "type": "Feature", "properties": { "CharName": "Barep", "code": "BAREP", "country": "AU", "lat": "3612.000S", "lon": "14459.000E", "elev": "322ft", "style": "2", "rwdir": "180", "rwlen": "600.0m", "freq": null, "desc": "#115, Airport, Turn Point", "Lat DM": "-36d 12.000", "Long DM": "144d 59.000" }, "geometry": { "type": "Point", "coordinates": [ 144.98333333333332, -36.2 ] } },
{ "type": "Feature", "properties": { "CharName": "Barmah", "code": "015BARMH", "country": "AU", "lat": "3601.117S", "lon": "14457.333E", "elev": "342ft", "style": "1", "rwdir": null, "rwlen": null, "freq": null, "desc": "Turn Point", "Lat DM": "-36d 01.117", "Long DM": "144d 57.333" }, "geometry": { "type": "Point", "coordinates": [ 144.95555, -36.018616666666667 ] } },
{ "type": "Feature", "properties": { "CharName": "Barmah", "code": "021BAH", "country": "AU", "lat": "3601.150S", "lon": "14457.300E", "elev": "342ft", "style": "14", "rwdir": null, "rwlen": null, "freq": null, "desc": "Turn Point, Bridge", "Lat DM": "-36d 01.150", "Long DM": "144d 57.300" }, "geometry": { "type": "Point", "coordinates": [ 144.955, -36.019166666666663 ] } },
{ "type": "Feature", "properties": { "CharName": "Barmah", "code": "BARMAH", "country": "AU", "lat": "3601.317S", "lon": "14457.717E", "elev": "317ft", "style": "1", "rwdir": null, "rwlen": null, "freq": null, "desc": "#116, Turn Point", "Lat DM": "-36d 01.317", "Long DM": "144d 57.717" }, "geometry": { "type": "Point", "coordinates": [ 144.96195, -36.02195 ] } },
{ "type": "Feature", "properties": { "CharName": "Barmah N", "code": "Barmah N", "country": "AU", "lat": "3547.362S", "lon": "14505.355E", "elev": "338ft", "style": "1", "rwdir": null, "rwlen": null, "freq": null, "desc": "#119, Turn Point", "Lat DM": "-35d 47.362", "Long DM": "145d 05.355" }, "geometry": { "type": "Point", "coordinates": [ 145.08925, -35.789366666666666 ] } },
{ "type": "Feature", "properties": { "CharName": "Barme", "code": "WR6JET", "country": "AU", "lat": "3550.958S", "lon": "14522.122E", "elev": "370ft", "style": "1", "rwdir": null, "rwlen": null, "freq": null, "desc": "#117, Turn Point", "Lat DM": "-35d 50.958", "Long DM": "145d 22.122" }, "geometry": { "type": "Point", "coordinates": [ 145.3687, -35.8493 ] } },
{ "type": "Feature", "properties": { "CharName": "Barnawatha", "code": "BARNAWTH", "country": "AU", "lat": "3606.167S", "lon": "14640.767E", "elev": "587ft", "style": "1", "rwdir": null, "rwlen": null, "freq": null, "desc": "Turn Point, station", "Lat DM": "-36d 06.167", "Long DM": "146d 40.767" }, "geometry": { "type": "Point", "coordinates": [ 146.67945, -36.102783333333335 ] } },
{ "type": "Feature", "properties": { "CharName": "Barooga", "code": "BAROOGA", "country": "AU", "lat": "3554.833S", "lon": "14541.217E", "elev": "394ft", "style": "1", "rwdir": null, "rwlen": null, "freq": null, "desc": "Turn Point, small bridge SW end town", "Lat DM": "-35d 54.833", "Long DM": "145d 41.217" }, "geometry": { "type": "Point", "coordinates": [ 145.68695, -35.913883333333331 ] } },
{ "type": "Feature", "properties": { "CharName": "Barooga*", "code": "LS340", "country": "AU", "lat": "3555.612S", "lon": "14543.222E", "elev": "114.0m", "style": "3", "rwdir": null, "rwlen": null, "freq": null, "desc": "grass 09/27 720m 40m", "Lat DM": "-35d 55.612", "Long DM": "145d 43.222" }, "geometry": { "type": "Point", "coordinates": [ 145.720366666666678, -35.926866666666669 ] } },
{ "type": "Feature", "properties": { "CharName": "Barwite*", "code": "LS015", "country": "AU", "lat": "3659.956S", "lon": "14608.123E", "elev": "373.0m", "style": "Null", "rwdir": null, "rwlen": null, "freq": null, "desc": "grass 13/31 950mx46m", "Lat DM": "-36d 59.956", "Long DM": "146d 08.123" }, "geometry": { "type": "Point", "coordinates": [ 146.135383333333323, -36.999266666666664 ] } },
{ "type": "Feature", "properties": { "CharName": "Basalt Knob", "code": "BASLTKNB", "country": "AU", "lat": "3708.850S", "lon": "14705.367E", "elev": "4974ft", "style": "1", "rwdir": null, "rwlen": null, "freq": null, "desc": "Turn Point, crest", "Lat DM": "-37d 08.850", "Long DM": "147d 05.367" }, "geometry": { "type": "Point", "coordinates": [ 147.08945, -37.1475 ] } },
{ "type": "Feature", "properties": { "CharName": "BBRA", "code": "016BBRA", "country": "AU", "lat": "3658.000S", "lon": "14741.933E", "elev": "2290ft", "style": "2", "rwdir": "140", "rwlen": "1250.0m", "freq": null, "desc": "YBRA, Benanbra A/F, Turn Point", "Lat DM": "-36d 58.000", "Long DM": "147d 41.933" }, "geometry": { "type": "Point", "coordinates": [ 147.698883333333328, -36.966666666666669 ] } },
{ "type": "Feature", "properties": { "CharName": "Beechworth", "code": "BECHWRTH", "country": "AU", "lat": "3621.417S", "lon": "14641.300E", "elev": null, "style": "1", "rwdir": null, "rwlen": null, "freq": null, "desc": "Turn Point, Prison", "Lat DM": "-36d 21.417", "Long DM": "146d 41.300" }, "geometry": { "type": "Point", "coordinates": [ 146.688333333333333, -36.35695 ] } },
{ "type": "Feature", "properties": { "CharName": "Beechworth LS", "code": "BCHWRTHL", "country": "AU", "lat": "3623.567S", "lon": "14641.783E", "elev": "1998ft", "style": "2", "rwdir": "150", "rwlen": "630.0m", "freq": null, "desc": "Turn Point, YBCH, grass 15/33 630m", "Lat DM": "-36d 23.567", "Long DM": "146d 41.783" }, "geometry": { "type": "Point", "coordinates": [ 146.69638333333333, -36.392783333333334 ] } },
{ "type": "Feature", "properties": { "CharName": "Beechworth prison", "code": "BCHWRTHP", "country": "AU", "lat": "3621.433S", "lon": "14641.400E", "elev": "1821ft", "style": "1", "rwdir": null, "rwlen": null, "freq": null, "desc": "Turn Point, prison", "Lat DM": "-36d 21.433", "Long DM": "146d 41.400" }, "geometry": { "type": "Point", "coordinates": [ 146.69, -36.357216666666666 ] } },
{ "type": "Feature", "properties": { "CharName": "Ben Bog", "code": "BEN BOG", "country": "AU", "lat": "3632.967S", "lon": "14600.450E", "elev": "570ft", "style": "1", "rwdir": null, "rwlen": null, "freq": "Bog", "desc": null, "Lat DM": "-36d 32.967", "Long DM": "146d 00.450" }, "geometry": { "type": "Point", "coordinates": [ 146.0075, -36.54945 ] } },
{ "type": "Feature", "properties": { "CharName": "Ben N3 Benalla", "code": "BENN3B", "country": "AU", "lat": "3631.017S", "lon": "14558.350E", "elev": "541ft", "style": "1", "rwdir": null, "rwlen": null, "freq": null, "desc": "BENALLA, Turn Point", "Lat DM": "-36d 31.017", "Long DM": "145d 58.350" }, "geometry": { "type": "Point", "coordinates": [ 145.9725, -36.51695 ] } },
{ "type": "Feature", "properties": { "CharName": "Ben W2 Benalla", "code": "BENW2B", "country": "AU", "lat": "3633.867S", "lon": "14557.817E", "elev": "571ft", "style": "1", "rwdir": null, "rwlen": null, "freq": null, "desc": "BENALLA, Turn Point", "Lat DM": "-36d 33.867", "Long DM": "145d 57.817" }, "geometry": { "type": "Point", "coordinates": [ 145.963616666666667, -36.56445 ] } },
{ "type": "Feature", "properties": { "CharName": "Ben W3 Benalla", "code": "BENW3B", "country": "AU", "lat": "3631.333S", "lon": "14555.233E", "elev": "545ft", "style": "1", "rwdir": null, "rwlen": null, "freq": null, "desc": "BENALLA, Turn Point", "Lat DM": "-36d 31.333", "Long DM": "145d 55.233" }, "geometry": { "type": "Point", "coordinates": [ 145.92055, -36.522216666666665 ] } },
{ "type": "Feature", "properties": { "CharName": "Benalla A/D", "code": "BENALLA", "country": "AU", "lat": "3633.117S", "lon": "14600.417E", "elev": "564ft", "style": "5", "rwdir": "80", "rwlen": "1043.0m", "freq": "122.5", "desc": "Turn Point, YBLA, sealed 08/26 grass 17/35", "Lat DM": "-36d 33.117", "Long DM": "146d 00.417" }, "geometry": { "type": "Point", "coordinates": [ 146.00695, -36.55195 ] } },
{ "type": "Feature", "properties": { "CharName": "Benalla East Start", "code": "03EST", "country": "AU", "lat": "3633.117S", "lon": "14609.500E", "elev": "1019ft", "style": "1", "rwdir": null, "rwlen": null, "freq": null, "desc": "#17, Turn Point", "Lat DM": "-36d 33.117", "Long DM": "146d 09.500" }, "geometry": { "type": "Point", "coordinates": [ 146.158333333333331, -36.55195 ] } },
{ "type": "Feature", "properties": { "CharName": "Benalla Finish East", "code": "97FINE", "country": "AU", "lat": "3633.109S", "lon": "14601.317E", "elev": "570ft", "style": "2", "rwdir": null, "rwlen": null, "freq": null, "desc": "#6, YBLA, Finish Point", "Lat DM": "-36d 33.109", "Long DM": "146d 01.317" }, "geometry": { "type": "Point", "coordinates": [ 146.02195, -36.551816666666667 ] } },
{ "type": "Feature", "properties": { "CharName": "Benalla NE Start", "code": "02NEST", "country": "AU", "lat": "3628.050S", "lon": "14606.633E", "elev": "535ft", "style": "1", "rwdir": null, "rwlen": null, "freq": null, "desc": "#16, Turn Point", "Lat DM": "-36d 28.050", "Long DM": "146d 06.633" }, "geometry": { "type": "Point", "coordinates": [ 146.11055, -36.4675 ] } },
{ "type": "Feature", "properties": { "CharName": "Benalla North Start", "code": "01NST", "country": "AU", "lat": "3624.600S", "lon": "14600.383E", "elev": "851ft", "style": "1", "rwdir": null, "rwlen": null, "freq": null, "desc": "#15, Turn Point", "Lat DM": "-36d 24.600", "Long DM": "146d 00.383" }, "geometry": { "type": "Point", "coordinates": [ 146.006383333333332, -36.41 ] } },
{ "type": "Feature", "properties": { "CharName": "Benalla NW Start", "code": "08NWST", "country": "AU", "lat": "3628.333S", "lon": "14554.333E", "elev": "517ft", "style": "1", "rwdir": null, "rwlen": null, "freq": null, "desc": "#21, Turn Point", "Lat DM": "-36d 28.333", "Long DM": "145d 54.333" }, "geometry": { "type": "Point", "coordinates": [ 145.90555, -36.472216666666668 ] } },
{ "type": "Feature", "properties": { "CharName": "Benalla SE Start", "code": "04SEST", "country": "AU", "lat": "3638.183S", "lon": "14606.817E", "elev": "669ft", "style": "1", "rwdir": null, "rwlen": null, "freq": null, "desc": "#18, Turn Point", "Lat DM": "-36d 38.183", "Long DM": "146d 06.817" }, "geometry": { "type": "Point", "coordinates": [ 146.113616666666672, -36.636383333333335 ] } },
{ "type": "Feature", "properties": { "CharName": "Benalla South Start", "code": "05SST", "country": "AU", "lat": "3640.350S", "lon": "14600.300E", "elev": "851ft", "style": "1", "rwdir": null, "rwlen": null, "freq": null, "desc": "#18, Turn Point", "Lat DM": "-36d 40.350", "Long DM": "146d 00.300" }, "geometry": { "type": "Point", "coordinates": [ 146.005, -36.6725 ] } },
{ "type": "Feature", "properties": { "CharName": "Benalla SW Start", "code": "06SWST", "country": "AU", "lat": "3638.133S", "lon": "14554.050E", "elev": "670ft", "style": "1", "rwdir": null, "rwlen": null, "freq": null, "desc": "#19, Turn Point", "Lat DM": "-36d 38.133", "Long DM": "145d 54.050" }, "geometry": { "type": "Point", "coordinates": [ 145.900833333333338, -36.63555 ] } },
{ "type": "Feature", "properties": { "CharName": "Benalla West Start", "code": "WST  7.00", "country": "AU", "lat": "3633.017S", "lon": "14551.133E", "elev": "629ft", "style": "1", "rwdir": null, "rwlen": null, "freq": null, "desc": "#20, Turn Point", "Lat DM": "-36d 33.017", "Long DM": "145d 51.133" }, "geometry": { "type": "Point", "coordinates": [ 145.852216666666664, -36.550283333333333 ] } },
{ "type": "Feature", "properties": { "CharName": "Benambra", "code": "Benanbra", "country": "AU", "lat": "3657.992S", "lon": "14741.927E", "elev": "2290ft", "style": "2", "rwdir": null, "rwlen": null, "freq": null, "desc": "#123, A/F, YBRA, Turn Point", "Lat DM": "-36d 57.992", "Long DM": "147d 41.927" }, "geometry": { "type": "Point", "coordinates": [ 147.698783333333324, -36.966533333333331 ] } },
{ "type": "Feature", "properties": { "CharName": "Benambra", "code": "BENAMBRA", "country": "AU", "lat": "3658.000S", "lon": "14741.900E", "elev": "2300ft", "style": "2", "rwdir": "230", "rwlen": null, "freq": null, "desc": "Turn Point", "Lat DM": "-36d 58.000", "Long DM": "147d 41.900" }, "geometry": { "type": "Point", "coordinates": [ 147.698333333333323, -36.966666666666669 ] } },
{ "type": "Feature", "properties": { "CharName": "Benambra", "code": "BENAM", "country": "AU", "lat": "3658.033S", "lon": "14741.950E", "elev": "2290ft", "style": "2", "rwdir": "140", "rwlen": "1250.0m", "freq": null, "desc": "Airfield, YBRA, Turn Point", "Lat DM": "-36d 58.033", "Long DM": "147d 41.950" }, "geometry": { "type": "Point", "coordinates": [ 147.699166666666656, -36.967216666666666 ] } },
{ "type": "Feature", "properties": { "CharName": "Benambra AF", "code": "BENAMBRF", "country": "AU", "lat": "3658.000S", "lon": "14741.917E", "elev": "2290ft", "style": "2", "rwdir": "140", "rwlen": "1250.0m", "freq": "126.7", "desc": "Turn Point, YBRA, grass 14/32 1250m", "Lat DM": "-36d 58.000", "Long DM": "147d 41.917" }, "geometry": { "type": "Point", "coordinates": [ 147.69861666666668, -36.966666666666669 ] } },
{ "type": "Feature", "properties": { "CharName": "Benambra Lake", "code": "BENMBRLK", "country": "AU", "lat": "3657.117S", "lon": "14741.983E", "elev": "2277ft", "style": "2", "rwdir": "40", "rwlen": "800.0m", "freq": null, "desc": "Turn Point, grass 04/22 800m", "Lat DM": "-36d 57.117", "Long DM": "147d 41.983" }, "geometry": { "type": "Point", "coordinates": [ 147.69971666666666, -36.95195 ] } },
{ "type": "Feature", "properties": { "CharName": "BERG", "code": "019BERG", "country": "AU", "lat": "3539.633S", "lon": "14548.533E", "elev": "381ft", "style": "1", "rwdir": null, "rwlen": null, "freq": null, "desc": "Berrigan, Turn Point", "Lat DM": "-35d 39.633", "Long DM": "145d 48.533" }, "geometry": { "type": "Point", "coordinates": [ 145.808883333333341, -35.66055 ] } },
{ "type": "Feature", "properties": { "CharName": "Berrigan", "code": "BERRIGAN", "country": "AU", "lat": "3538.983S", "lon": "14548.550E", "elev": "387ft", "style": "1", "rwdir": null, "rwlen": null, "freq": null, "desc": "Turn Point, silos", "Lat DM": "-35d 38.983", "Long DM": "145d 48.550" }, "geometry": { "type": "Point", "coordinates": [ 145.80916666666667, -35.64971666666667 ] } },
{ "type": "Feature", "properties": { "CharName": "Berrigan", "code": "BERRIGAN", "country": "AU", "lat": "3538.133S", "lon": "14548.517E", "elev": null, "style": "1", "rwdir": null, "rwlen": null, "freq": null, "desc": "Turn Point, Silo", "Lat DM": "-35d 38.133", "Long DM": "145d 48.517" }, "geometry": { "type": "Point", "coordinates": [ 145.808616666666666, -35.63555 ] } },
{ "type": "Feature", "properties": { "CharName": "Berrigan", "code": "BERRIGAN", "country": "AU", "lat": "3538.950S", "lon": "14548.500E", "elev": null, "style": "1", "rwdir": null, "rwlen": null, "freq": null, "desc": "Turn Point, Station", "Lat DM": "-35d 38.950", "Long DM": "145d 48.500" }, "geometry": { "type": "Point", "coordinates": [ 145.808333333333337, -35.649166666666666 ] } },
{ "type": "Feature", "properties": { "CharName": "Berrigan", "code": "BERRIGAN", "country": "AU", "lat": "3539.083S", "lon": "14548.633E", "elev": "400.3ft", "style": "1", "rwdir": null, "rwlen": null, "freq": null, "desc": "Turn Point", "Lat DM": "-35d 39.083", "Long DM": "145d 48.633" }, "geometry": { "type": "Point", "coordinates": [ 145.81055, -35.651383333333335 ] } },
{ "type": "Feature", "properties": { "CharName": "Berrigan", "code": "026BRG", "country": "AU", "lat": "3539.583S", "lon": "14548.850E", "elev": "399ft", "style": "1", "rwdir": null, "rwlen": null, "freq": null, "desc": "Turn Point, Swimming Pool", "Lat DM": "-35d 39.583", "Long DM": "145d 48.850" }, "geometry": { "type": "Point", "coordinates": [ 145.814166666666665, -35.659716666666668 ] } },
{ "type": "Feature", "properties": { "CharName": "Berrigan AD", "code": "BERRIA-D", "country": "AU", "lat": "3541.067S", "lon": "14549.050E", "elev": "397ft", "style": "2", "rwdir": "270", "rwlen": "597.0m", "freq": "122.9", "desc": "#125, AU-0260, Turn Point", "Lat DM": "-35d 41.067", "Long DM": "145d 49.050" }, "geometry": { "type": "Point", "coordinates": [ 145.8175, -35.68445 ] } },
{ "type": "Feature", "properties": { "CharName": "Berrigan Station", "code": "BERRIGAN", "country": "AU", "lat": "3538.950S", "lon": "14548.507E", "elev": null, "style": "1", "rwdir": null, "rwlen": null, "freq": null, "desc": "Turn Point, Virtually non existent, platform only?", "Lat DM": "-35d 38.950", "Long DM": "145d 48.507" }, "geometry": { "type": "Point", "coordinates": [ 145.80845, -35.649166666666666 ] } },
{ "type": "Feature", "properties": { "CharName": "Big Hill", "code": "BIG HILL", "country": "AU", "lat": "3647.100S", "lon": "14711.833E", "elev": "4524ft", "style": "1", "rwdir": null, "rwlen": null, "freq": null, "desc": "Turn Point, fire tower behind MtBeauty", "Lat DM": "-36d 47.100", "Long DM": "147d 11.833" }, "geometry": { "type": "Point", "coordinates": [ 147.197216666666662, -36.785 ] } },
{ "type": "Feature", "properties": { "CharName": "Bobinawarrah", "code": "BOBIN", "country": "AU", "lat": "3633.000S", "lon": "14629.000E", "elev": "551ft", "style": "2", "rwdir": "130", "rwlen": "460.0m", "freq": null, "desc": "#132, Airport, Turn Point", "Lat DM": "-36d 33.000", "Long DM": "146d 29.000" }, "geometry": { "type": "Point", "coordinates": [ 146.48333333333332, -36.55 ] } },
{ "type": "Feature", "properties": { "CharName": "Bogong Park", "code": "BOGNGPRK", "country": "AU", "lat": "3603.000S", "lon": "14641.250E", "elev": null, "style": "1", "rwdir": null, "rwlen": null, "freq": null, "desc": "Turn Point", "Lat DM": "-36d 03.000", "Long DM": "146d 41.250" }, "geometry": { "type": "Point", "coordinates": [ 146.6875, -36.05 ] } },
{ "type": "Feature", "properties": { "CharName": "Bogong Park", "code": "BOGON", "country": "AU", "lat": "3605.283S", "lon": "14641.017E", "elev": "561ft", "style": "2", "rwdir": "180", "rwlen": "900.0m", "freq": null, "desc": "Airfield, Turn Point", "Lat DM": "-36d 05.283", "Long DM": "146d 41.017" }, "geometry": { "type": "Point", "coordinates": [ 146.683616666666666, -36.08805 ] } },
{ "type": "Feature", "properties": { "CharName": "Bonnie Doon", "code": "BONNIEDN", "country": "AU", "lat": "3701.667S", "lon": "14552.417E", "elev": "889ft", "style": "1", "rwdir": null, "rwlen": null, "freq": null, "desc": "Turn Point, bridge", "Lat DM": "-37d 01.667", "Long DM": "145d 52.417" }, "geometry": { "type": "Point", "coordinates": [ 145.873616666666663, -37.027783333333332 ] } },
{ "type": "Feature", "properties": { "CharName": "Bonnie Doon", "code": "134BONNI", "country": "AU", "lat": "3701.683S", "lon": "14552.684E", "elev": "1001ft", "style": "1", "rwdir": null, "rwlen": null, "freq": null, "desc": "#134, Hotel, Turn Point", "Lat DM": "-37d 01.683", "Long DM": "145d 52.684" }, "geometry": { "type": "Point", "coordinates": [ 145.878066666666655, -37.02805 ] } },
{ "type": "Feature", "properties": { "CharName": "Bonnie Doon Hote", "code": "BONNIH", "country": "AU", "lat": "3701.683S", "lon": "14552.683E", "elev": "945ft", "style": "1", "rwdir": null, "rwlen": null, "freq": null, "desc": "DOONHOTE, Turn Point", "Lat DM": "-37d 01.683", "Long DM": "145d 52.683" }, "geometry": { "type": "Point", "coordinates": [ 145.87805, -37.02805 ] } },
{ "type": "Feature", "properties": { "CharName": "Boweya", "code": "Boweya", "country": "AU", "lat": "3615.911S", "lon": "14609.546E", "elev": "918ft", "style": "1", "rwdir": null, "rwlen": null, "freq": null, "desc": "#143, Turn Point", "Lat DM": "-36d 15.911", "Long DM": "146d 09.546" }, "geometry": { "type": "Point", "coordinates": [ 146.1591, -36.265183333333333 ] } },
{ "type": "Feature", "properties": { "CharName": "Bowser", "code": "BOWSER", "country": "AU", "lat": "3618.583S", "lon": "14622.550E", "elev": "509ft", "style": "1", "rwdir": null, "rwlen": null, "freq": null, "desc": "Turn Point, overpass", "Lat DM": "-36d 18.583", "Long DM": "146d 22.550" }, "geometry": { "type": "Point", "coordinates": [ 146.375833333333333, -36.309716666666667 ] } },
{ "type": "Feature", "properties": { "CharName": "Bowser", "code": "BOWSER", "country": "AU", "lat": "3618.000S", "lon": "14622.000E", "elev": "666ft", "style": "1", "rwdir": null, "rwlen": null, "freq": null, "desc": "#144, Turn Point", "Lat DM": "-36d 18.000", "Long DM": "146d 22.000" }, "geometry": { "type": "Point", "coordinates": [ 146.366666666666674, -36.3 ] } },
{ "type": "Feature", "properties": { "CharName": "Boxwood Park", "code": "BOXWDPRK", "country": "AU", "lat": "3557.333S", "lon": "14647.533E", "elev": "709ft", "style": "2", "rwdir": "50", "rwlen": "670.0m", "freq": null, "desc": "Turn Point, grass 05/23 670m", "Lat DM": "-35d 57.333", "Long DM": "146d 47.533" }, "geometry": { "type": "Point", "coordinates": [ 146.792216666666661, -35.95555 ] } },
{ "type": "Feature", "properties": { "CharName": "Bright A/F", "code": "BRIGHT", "country": "AU", "lat": "3642.150S", "lon": "14657.400E", "elev": "1135ft", "style": "2", "rwdir": "90", "rwlen": "650.0m", "freq": "126", "desc": "Turn Point, grass 09/27 650m", "Lat DM": "-36d 42.150", "Long DM": "146d 57.400" }, "geometry": { "type": "Point", "coordinates": [ 146.956666666666678, -36.7025 ] } },
{ "type": "Feature", "properties": { "CharName": "Brock", "code": "027BRK", "country": "AU", "lat": "3551.600S", "lon": "14637.650E", "elev": "519ft", "style": "2", "rwdir": null, "rwlen": null, "freq": "126.7", "desc": "Turn Point, Brocklesby Airport", "Lat DM": "-35d 51.600", "Long DM": "146d 37.650" }, "geometry": { "type": "Point", "coordinates": [ 146.6275, -35.86 ] } },
{ "type": "Feature", "properties": { "CharName": "Brocklesby", "code": "BROCKLSB", "country": "AU", "lat": "3549.283S", "lon": "14640.683E", "elev": "584ft", "style": "1", "rwdir": null, "rwlen": null, "freq": null, "desc": "Turn Point, silo", "Lat DM": "-35d 49.283", "Long DM": "146d 40.683" }, "geometry": { "type": "Point", "coordinates": [ 146.67805, -35.82138333333333 ] } },
{ "type": "Feature", "properties": { "CharName": "Brocklesby", "code": "BROCKSBY", "country": "AU", "lat": "3549.250S", "lon": "14640.833E", "elev": "728ft", "style": "1", "rwdir": null, "rwlen": null, "freq": null, "desc": "#148, Turn Point", "Lat DM": "-35d 49.250", "Long DM": "146d 40.833" }, "geometry": { "type": "Point", "coordinates": [ 146.68055, -35.820833333333333 ] } },
{ "type": "Feature", "properties": { "CharName": "Brocklesby", "code": "BRCKLSBY", "country": "AU", "lat": "3610.500S", "lon": "14640.667E", "elev": null, "style": "1", "rwdir": null, "rwlen": null, "freq": null, "desc": "Turn Point", "Lat DM": "-36d 10.500", "Long DM": "146d 40.667" }, "geometry": { "type": "Point", "coordinates": [ 146.677783333333338, -36.175 ] } },
{ "type": "Feature", "properties": { "CharName": "Brrgn", "code": "019BRG", "country": "AU", "lat": "3539.533S", "lon": "14548.750E", "elev": "400ft", "style": "1", "rwdir": null, "rwlen": null, "freq": null, "desc": "Turn Point, Berrigan", "Lat DM": "-35d 39.533", "Long DM": "145d 48.750" }, "geometry": { "type": "Point", "coordinates": [ 145.8125, -35.658883333333335 ] } },
{ "type": "Feature", "properties": { "CharName": "Buckland", "code": "BUCKLA", "country": "AU", "lat": "3652.550S", "lon": "14652.166E", "elev": "1217ft", "style": "1", "rwdir": null, "rwlen": null, "freq": null, "desc": "#150, Junction, Turn Point", "Lat DM": "-36d 52.550", "Long DM": "146d 52.166" }, "geometry": { "type": "Point", "coordinates": [ 146.869433333333347, -36.875833333333333 ] } },
{ "type": "Feature", "properties": { "CharName": "Buckland Junction", "code": "BCKLNDJN", "country": "AU", "lat": "3652.583S", "lon": "14652.250E", "elev": "1411ft", "style": "1", "rwdir": null, "rwlen": null, "freq": null, "desc": "Turn Point, T-junction", "Lat DM": "-36d 52.583", "Long DM": "146d 52.250" }, "geometry": { "type": "Point", "coordinates": [ 146.870833333333337, -36.876383333333337 ] } },
{ "type": "Feature", "properties": { "CharName": "Buffalo AS", "code": "BUFFAS", "country": "AU", "lat": "3642.043S", "lon": "14639.846E", "elev": "244.0m", "style": "3", "rwdir": "150", "rwlen": "725", "freq": null, "desc": "grass 15/33 725mx80m", "Lat DM": "-36d 42.043", "Long DM": "146d 39.846" }, "geometry": { "type": "Point", "coordinates": [ 146.6641, -36.700716666666665 ] } },
{ "type": "Feature", "properties": { "CharName": "Bull Hill", "code": "BULLHILL", "country": "AU", "lat": "3641.083S", "lon": "14722.317E", "elev": "4626ft", "style": "1", "rwdir": null, "rwlen": null, "freq": null, "desc": "Turn Point, summit", "Lat DM": "-36d 41.083", "Long DM": "147d 22.317" }, "geometry": { "type": "Point", "coordinates": [ 147.37195, -36.684716666666667 ] } },
{ "type": "Feature", "properties": { "CharName": "Bulla", "code": "028BLT", "country": "AU", "lat": "3544.400S", "lon": "14506.067E", "elev": "328ft", "style": "1", "rwdir": null, "rwlen": null, "freq": null, "desc": "Turn Point, Bullatale", "Lat DM": "-35d 44.400", "Long DM": "145d 06.067" }, "geometry": { "type": "Point", "coordinates": [ 145.101116666666655, -35.74 ] } },
{ "type": "Feature", "properties": { "CharName": "Bullioh", "code": "BULLIOH", "country": "AU", "lat": "3611.617S", "lon": "14720.067E", "elev": "741ft", "style": "1", "rwdir": null, "rwlen": null, "freq": null, "desc": "Turn Point, T-junction", "Lat DM": "-36d 11.617", "Long DM": "147d 20.067" }, "geometry": { "type": "Point", "coordinates": [ 147.33445, -36.193616666666664 ] } },
{ "type": "Feature", "properties": { "CharName": "Bullutalie", "code": "029BLLTL", "country": "AU", "lat": "3546.600S", "lon": "14512.450E", "elev": "349ft", "style": "5", "rwdir": null, "rwlen": null, "freq": null, "desc": "Airfield, Turnpoint, Turn Point", "Lat DM": "-35d 46.600", "Long DM": "145d 12.450" }, "geometry": { "type": "Point", "coordinates": [ 145.2075, -35.776666666666664 ] } },
{ "type": "Feature", "properties": { "CharName": "Bungil", "code": "BUNGIL", "country": "AU", "lat": "3602.967S", "lon": "14720.983E", "elev": "666ft", "style": "1", "rwdir": null, "rwlen": null, "freq": null, "desc": "Turn Point, junc, S end bridge", "Lat DM": "-36d 02.967", "Long DM": "147d 20.983" }, "geometry": { "type": "Point", "coordinates": [ 147.349716666666666, -36.04945 ] } },
{ "type": "Feature", "properties": { "CharName": "Bungowannah", "code": "BUNGWNNH", "country": "AU", "lat": "3600.467S", "lon": "14644.150E", "elev": "499ft", "style": "2", "rwdir": "40", "rwlen": "970.0m", "freq": null, "desc": "Turn Point, grass 04/22 12/30", "Lat DM": "-36d 00.467", "Long DM": "146d 44.150" }, "geometry": { "type": "Point", "coordinates": [ 146.735833333333346, -36.007783333333336 ] } },
{ "type": "Feature", "properties": { "CharName": "Burru", "code": "030BBK", "country": "AU", "lat": "3550.017S", "lon": "14648.317E", "elev": "720ft", "style": "1", "rwdir": null, "rwlen": null, "freq": null, "desc": "Turn Point, Burrumbuttock", "Lat DM": "-35d 50.017", "Long DM": "146d 48.317" }, "geometry": { "type": "Point", "coordinates": [ 146.805283333333335, -35.833616666666664 ] } },
{ "type": "Feature", "properties": { "CharName": "Burrumbuttock", "code": "BRRMBTTC", "country": "AU", "lat": "3547.783S", "lon": "14647.050E", "elev": "692ft", "style": "1", "rwdir": null, "rwlen": null, "freq": null, "desc": "Turn Point, siding silo", "Lat DM": "-35d 47.783", "Long DM": "146d 47.050" }, "geometry": { "type": "Point", "coordinates": [ 146.784166666666664, -35.796383333333331 ] } },
{ "type": "Feature", "properties": { "CharName": "Burrumbuttock", "code": "BRRMBTTC", "country": "AU", "lat": "3547.850S", "lon": "14646.867E", "elev": null, "style": "1", "rwdir": null, "rwlen": null, "freq": null, "desc": "Turn Point, Silo", "Lat DM": "-35d 47.850", "Long DM": "146d 46.867" }, "geometry": { "type": "Point", "coordinates": [ 146.781116666666662, -35.7975 ] } },
{ "type": "Feature", "properties": { "CharName": "Burrumbuttock", "code": "BURRUS", "country": "AU", "lat": "3547.950S", "lon": "14646.883E", "elev": "719ft", "style": "1", "rwdir": null, "rwlen": null, "freq": null, "desc": "#159, Silo, Turn Point", "Lat DM": "-35d 47.950", "Long DM": "146d 46.883" }, "geometry": { "type": "Point", "coordinates": [ 146.781383333333338, -35.799166666666665 ] } },
{ "type": "Feature", "properties": { "CharName": "Burrumbuttock Siding", "code": "149BRRMB", "country": "AU", "lat": "3547.950S", "lon": "14646.884E", "elev": "719ft", "style": "1", "rwdir": null, "rwlen": null, "freq": null, "desc": "#149, Silo, Turn Point", "Lat DM": "-35d 47.950", "Long DM": "146d 46.884" }, "geometry": { "type": "Point", "coordinates": [ 146.7814, -35.799166666666665 ] } },
{ "type": "Feature", "properties": { "CharName": "Burrumbuttock Town", "code": "BURRUMBU", "country": "AU", "lat": "3550.133S", "lon": "14648.150E", "elev": "719ft", "style": "1", "rwdir": null, "rwlen": null, "freq": "Turn Point, Town", "desc": null, "Lat DM": "-35d 50.133", "Long DM": "146d 48.150" }, "geometry": { "type": "Point", "coordinates": [ 146.8025, -35.83555 ] } },
{ "type": "Feature", "properties": { "CharName": "Burrumbuttock Town", "code": "BURRUMBU", "country": "AU", "lat": "3550.317S", "lon": "14648.317E", "elev": null, "style": "1", "rwdir": null, "rwlen": null, "freq": null, "desc": "Turn Point", "Lat DM": "-35d 50.317", "Long DM": "146d 48.317" }, "geometry": { "type": "Point", "coordinates": [ 146.805283333333335, -35.838616666666667 ] } },
{ "type": "Feature", "properties": { "CharName": "Butcheen Creek", "code": "BTCHNCRK", "country": "AU", "lat": "3625.250S", "lon": "14731.700E", "elev": "1401ft", "style": "1", "rwdir": null, "rwlen": null, "freq": null, "desc": "Turn Point, y-intersection", "Lat DM": "-36d 25.250", "Long DM": "147d 31.700" }, "geometry": { "type": "Point", "coordinates": [ 147.528333333333336, -36.420833333333334 ] } },
{ "type": "Feature", "properties": { "CharName": "C", "code": "C", "country": "AU", "lat": "3633.217S", "lon": "14610.267E", "elev": null, "style": "1", "rwdir": null, "rwlen": null, "freq": "Turn Point", "desc": null, "Lat DM": "-36d 33.217", "Long DM": "146d 10.267" }, "geometry": { "type": "Point", "coordinates": [ 146.171116666666677, -36.55361666666667 ] } },
{ "type": "Feature", "properties": { "CharName": "Cassilis*", "code": "LS071", "country": "AU", "lat": "3711.348S", "lon": "14733.561E", "elev": "782.0m", "style": "Null", "rwdir": null, "rwlen": null, "freq": null, "desc": "grass 12/30 640 26m", "Lat DM": "-37d 11.348", "Long DM": "147d 33.561" }, "geometry": { "type": "Point", "coordinates": [ 147.55935, -37.189133333333331 ] } },
{ "type": "Feature", "properties": { "CharName": "Cheshunt R/J", "code": "CHSHNTRJ", "country": "AU", "lat": "3647.950S", "lon": "14625.867E", "elev": "899ft", "style": "1", "rwdir": null, "rwlen": null, "freq": null, "desc": "Turn Point, xroad", "Lat DM": "-36d 47.950", "Long DM": "146d 25.867" }, "geometry": { "type": "Point", "coordinates": [ 146.431116666666668, -36.799166666666665 ] } },
{ "type": "Feature", "properties": { "CharName": "Cheshunt R/J", "code": "170CHESH", "country": "AU", "lat": "3648.050S", "lon": "14625.900E", "elev": "899ft", "style": "1", "rwdir": null, "rwlen": null, "freq": null, "desc": "#170, Xroad, Turn Point", "Lat DM": "-36d 48.050", "Long DM": "146d 25.900" }, "geometry": { "type": "Point", "coordinates": [ 146.431666666666672, -36.80083333333333 ] } },
{ "type": "Feature", "properties": { "CharName": "Chesney", "code": "Chesney", "country": "AU", "lat": "3624.050S", "lon": "14605.948E", "elev": "1006ft", "style": "1", "rwdir": null, "rwlen": null, "freq": null, "desc": "#67, Benalla Control Point North East, Turn Point", "Lat DM": "-36d 24.050", "Long DM": "146d 05.948" }, "geometry": { "type": "Point", "coordinates": [ 146.099133333333327, -36.400833333333331 ] } },
{ "type": "Feature", "properties": { "CharName": "Chiltern", "code": "CHILTERN", "country": "AU", "lat": "3609.333S", "lon": "14636.683E", "elev": "682ft", "style": "1", "rwdir": null, "rwlen": null, "freq": null, "desc": "Turn Point, silo", "Lat DM": "-36d 09.333", "Long DM": "146d 36.683" }, "geometry": { "type": "Point", "coordinates": [ 146.611383333333322, -36.15555 ] } },
{ "type": "Feature", "properties": { "CharName": "Chiltern", "code": "CHILTERN", "country": "AU", "lat": "3608.967S", "lon": "14636.417E", "elev": null, "style": "1", "rwdir": null, "rwlen": null, "freq": null, "desc": "Turn Point, Silo", "Lat DM": "-36d 08.967", "Long DM": "146d 36.417" }, "geometry": { "type": "Point", "coordinates": [ 146.60695, -36.14945 ] } },
{ "type": "Feature", "properties": { "CharName": "Clearspot", "code": "CLEARSPT", "country": "AU", "lat": "3645.450S", "lon": "14656.183E", "elev": "3261ft", "style": "1", "rwdir": null, "rwlen": null, "freq": null, "desc": "Turn Point, lookout", "Lat DM": "-36d 45.450", "Long DM": "146d 56.183" }, "geometry": { "type": "Point", "coordinates": [ 146.936383333333339, -36.7575 ] } },
{ "type": "Feature", "properties": { "CharName": "Cobram", "code": "COBRAM", "country": "AU", "lat": "3555.217S", "lon": "14538.433E", "elev": "361ft", "style": "1", "rwdir": null, "rwlen": null, "freq": null, "desc": "Turn Point, T- junc on SW town", "Lat DM": "-35d 55.217", "Long DM": "145d 38.433" }, "geometry": { "type": "Point", "coordinates": [ 145.64055, -35.92028333333333 ] } },
{ "type": "Feature", "properties": { "CharName": "Cobram", "code": "COBRAM", "country": "AU", "lat": "3555.000S", "lon": "14539.900E", "elev": null, "style": "1", "rwdir": null, "rwlen": null, "freq": null, "desc": "Turn Point", "Lat DM": "-35d 55.000", "Long DM": "145d 39.900" }, "geometry": { "type": "Point", "coordinates": [ 145.665, -35.916666666666664 ] } },
{ "type": "Feature", "properties": { "CharName": "Cobram", "code": "Cobram", "country": "AU", "lat": "3555.583S", "lon": "14539.316E", "elev": "372ft", "style": "1", "rwdir": null, "rwlen": null, "freq": null, "desc": "#173, Turn Point", "Lat DM": "-35d 55.583", "Long DM": "145d 39.316" }, "geometry": { "type": "Point", "coordinates": [ 145.655266666666677, -35.926383333333334 ] } },
{ "type": "Feature", "properties": { "CharName": "Cobungra", "code": "COBUNGRA", "country": "AU", "lat": "3706.167S", "lon": "14725.617E", "elev": "3179ft", "style": "1", "rwdir": null, "rwlen": null, "freq": null, "desc": "Turn Point, T-junction", "Lat DM": "-37d 06.167", "Long DM": "147d 25.617" }, "geometry": { "type": "Point", "coordinates": [ 147.42695, -37.102783333333335 ] } },
{ "type": "Feature", "properties": { "CharName": "Colbinabbin", "code": "COLBNBBN", "country": "AU", "lat": "3635.317S", "lon": "14447.717E", "elev": "390ft", "style": "1", "rwdir": null, "rwlen": null, "freq": null, "desc": "Turn Point, silo", "Lat DM": "-36d 35.317", "Long DM": "144d 47.717" }, "geometry": { "type": "Point", "coordinates": [ 144.795283333333344, -36.588616666666667 ] } },
{ "type": "Feature", "properties": { "CharName": "Colbinabbin", "code": "COLBIN", "country": "AU", "lat": "3635.250S", "lon": "14447.900E", "elev": "417ft", "style": "1", "rwdir": null, "rwlen": null, "freq": null, "desc": "#175, Silo, Turn Point", "Lat DM": "-36d 35.250", "Long DM": "144d 47.900" }, "geometry": { "type": "Point", "coordinates": [ 144.798333333333346, -36.5875 ] } },
{ "type": "Feature", "properties": { "CharName": "Colbinabbin", "code": "26COLB", "country": "AU", "lat": "3635.333S", "lon": "14447.717E", "elev": "400ft", "style": "1", "rwdir": null, "rwlen": null, "freq": null, "desc": "Silo, Turn Point", "Lat DM": "-36d 35.333", "Long DM": "144d 47.717" }, "geometry": { "type": "Point", "coordinates": [ 144.795283333333344, -36.588883333333335 ] } },
{ "type": "Feature", "properties": { "CharName": "Colbinabbin", "code": "COLBNBBN", "country": "AU", "lat": "3635.667S", "lon": "14447.500E", "elev": null, "style": "1", "rwdir": null, "rwlen": null, "freq": null, "desc": "Turn Point, Silo", "Lat DM": "-36d 35.667", "Long DM": "144d 47.500" }, "geometry": { "type": "Point", "coordinates": [ 144.791666666666657, -36.59445 ] } },
{ "type": "Feature", "properties": { "CharName": "COLI", "code": "038COLI", "country": "AU", "lat": "3636.133S", "lon": "14447.717E", "elev": "382ft", "style": "1", "rwdir": null, "rwlen": null, "freq": null, "desc": "Colbinabbin, Turn Point", "Lat DM": "-36d 36.133", "Long DM": "144d 47.717" }, "geometry": { "type": "Point", "coordinates": [ 144.795283333333344, -36.602216666666664 ] } },
{ "type": "Feature", "properties": { "CharName": "Control Point - East", "code": "020TOCEA", "country": "AU", "lat": "3549.782S", "lon": "14548.444E", "elev": "547ft", "style": "1", "rwdir": null, "rwlen": null, "freq": null, "desc": "#60, Tocumwal Control Point East, Turn Point", "Lat DM": "-35d 49.782", "Long DM": "145d 48.444" }, "geometry": { "type": "Point", "coordinates": [ 145.8074, -35.8297 ] } },
{ "type": "Feature", "properties": { "CharName": "Control Point - North", "code": "021FINLE", "country": "AU", "lat": "3538.780S", "lon": "14538.698E", "elev": "370ft", "style": "1", "rwdir": null, "rwlen": null, "freq": null, "desc": "#61, Tocumwal Control Point North, Turn Point", "Lat DM": "-35d 38.780", "Long DM": "145d 38.698" }, "geometry": { "type": "Point", "coordinates": [ 145.644966666666676, -35.646333333333331 ] } },
{ "type": "Feature", "properties": { "CharName": "Control Point - South", "code": "022COBSE", "country": "AU", "lat": "3559.058S", "lon": "14534.656E", "elev": "372ft", "style": "1", "rwdir": null, "rwlen": null, "freq": null, "desc": "#62, Tocumwal Control Point South, Turn Point", "Lat DM": "-35d 59.058", "Long DM": "145d 34.656" }, "geometry": { "type": "Point", "coordinates": [ 145.5776, -35.9843 ] } },
{ "type": "Feature", "properties": { "CharName": "Control Point - West", "code": "023TOCWE", "country": "AU", "lat": "3547.058S", "lon": "14524.384E", "elev": "359ft", "style": "1", "rwdir": null, "rwlen": null, "freq": null, "desc": "#63, Tocumwal Control Point West, Turn Point", "Lat DM": "-35d 47.058", "Long DM": "145d 24.384" }, "geometry": { "type": "Point", "coordinates": [ 145.4064, -35.7843 ] } },
{ "type": "Feature", "properties": { "CharName": "Coreen", "code": "COREEN", "country": "AU", "lat": "3544.917S", "lon": "14620.600E", "elev": "436ft", "style": "1", "rwdir": null, "rwlen": null, "freq": null, "desc": "Turn Point, PO", "Lat DM": "-35d 44.917", "Long DM": "146d 20.600" }, "geometry": { "type": "Point", "coordinates": [ 146.343333333333334, -35.748616666666663 ] } },
{ "type": "Feature", "properties": { "CharName": "Coreen", "code": "188COREE", "country": "AU", "lat": "3545.000S", "lon": "14620.500E", "elev": "456ft", "style": "1", "rwdir": null, "rwlen": null, "freq": null, "desc": "#188, Turn Point", "Lat DM": "-35d 45.000", "Long DM": "146d 20.500" }, "geometry": { "type": "Point", "coordinates": [ 146.341666666666669, -35.75 ] } },
{ "type": "Feature", "properties": { "CharName": "Coren", "code": "043CRN", "country": "AU", "lat": "3544.717S", "lon": "14621.017E", "elev": "446ft", "style": "1", "rwdir": null, "rwlen": null, "freq": null, "desc": "Turn Point, Coreen", "Lat DM": "-35d 44.717", "Long DM": "146d 21.017" }, "geometry": { "type": "Point", "coordinates": [ 146.350283333333323, -35.745283333333333 ] } },
{ "type": "Feature", "properties": { "CharName": "CORN", "code": "042CORN", "country": "AU", "lat": "3544.917S", "lon": "14620.683E", "elev": "453ft", "style": "1", "rwdir": null, "rwlen": null, "freq": null, "desc": "Coreen, Turn Point", "Lat DM": "-35d 44.917", "Long DM": "146d 20.683" }, "geometry": { "type": "Point", "coordinates": [ 146.34471666666667, -35.748616666666663 ] } },
{ "type": "Feature", "properties": { "CharName": "CORO", "code": "043CORO", "country": "AU", "lat": "3559.617S", "lon": "14621.200E", "elev": "400ft", "style": "5", "rwdir": null, "rwlen": null, "freq": "132.45", "desc": "YCOR, Corowa A/D, Turn Point", "Lat DM": "-35d 59.617", "Long DM": "146d 21.200" }, "geometry": { "type": "Point", "coordinates": [ 146.353333333333325, -35.993616666666668 ] } },
{ "type": "Feature", "properties": { "CharName": "Corop", "code": "COROP", "country": "AU", "lat": "3627.400S", "lon": "14447.333E", "elev": "381ft", "style": "1", "rwdir": null, "rwlen": null, "freq": null, "desc": "Turn Point, canal bridge", "Lat DM": "-36d 27.400", "Long DM": "144d 47.333" }, "geometry": { "type": "Point", "coordinates": [ 144.788883333333331, -36.456666666666663 ] } },
{ "type": "Feature", "properties": { "CharName": "Corop", "code": "COROPS", "country": "AU", "lat": "3627.366S", "lon": "14447.700E", "elev": "407ft", "style": "1", "rwdir": null, "rwlen": null, "freq": null, "desc": "#190, Store, Turn Point", "Lat DM": "-36d 27.366", "Long DM": "144d 47.700" }, "geometry": { "type": "Point", "coordinates": [ 144.795, -36.4561 ] } },
{ "type": "Feature", "properties": { "CharName": "Corop", "code": "29CORO", "country": "AU", "lat": "3627.367S", "lon": "14447.700E", "elev": "407ft", "style": "1", "rwdir": null, "rwlen": null, "freq": null, "desc": "#29, Turn Point", "Lat DM": "-36d 27.367", "Long DM": "144d 47.700" }, "geometry": { "type": "Point", "coordinates": [ 144.795, -36.456116666666667 ] } },
{ "type": "Feature", "properties": { "CharName": "Corowa", "code": "COROWA", "country": "AU", "lat": "3559.383S", "lon": "14621.267E", "elev": null, "style": "5", "rwdir": null, "rwlen": null, "freq": null, "desc": "Turn Point, A/D", "Lat DM": "-35d 59.383", "Long DM": "146d 21.267" }, "geometry": { "type": "Point", "coordinates": [ 146.35445, -35.989716666666666 ] } },
{ "type": "Feature", "properties": { "CharName": "Corowa", "code": "COROW", "country": "AU", "lat": "3559.400S", "lon": "14621.100E", "elev": "469ft", "style": "4", "rwdir": "50", "rwlen": "1810.0m", "freq": "126.7", "desc": "#191, Airport, YCOR, Turn Point", "Lat DM": "-35d 59.400", "Long DM": "146d 21.100" }, "geometry": { "type": "Point", "coordinates": [ 146.351666666666659, -35.99 ] } },
{ "type": "Feature", "properties": { "CharName": "Corowa", "code": "COROWA", "country": "AU", "lat": "3559.467S", "lon": "14621.200E", "elev": "469ft", "style": "5", "rwdir": "320", "rwlen": "1840", "freq": "126.7", "desc": "Turn Point, A/F", "Lat DM": "-35d 59.467", "Long DM": "146d 21.200" }, "geometry": { "type": "Point", "coordinates": [ 146.353333333333325, -35.99111666666667 ] } },
{ "type": "Feature", "properties": { "CharName": "Corowa A/D", "code": "COROWA", "country": "AU", "lat": "3559.367S", "lon": "14621.250E", "elev": "456ft", "style": "5", "rwdir": "50", "rwlen": "1827.0m", "freq": "126.7", "desc": "Turn Point, YCOR, sealed 05/23 14/32", "Lat DM": "-35d 59.367", "Long DM": "146d 21.250" }, "geometry": { "type": "Point", "coordinates": [ 146.354166666666657, -35.98945 ] } },
{ "type": "Feature", "properties": { "CharName": "Corowa AD", "code": "32CORO", "country": "AU", "lat": "3559.667S", "lon": "14621.367E", "elev": "485ft", "style": "2", "rwdir": "50", "rwlen": "1810.0m", "freq": "132.45", "desc": "#32, YCOR, Turn Point", "Lat DM": "-35d 59.667", "Long DM": "146d 21.367" }, "geometry": { "type": "Point", "coordinates": [ 146.356116666666679, -35.99445 ] } },
{ "type": "Feature", "properties": { "CharName": "Corowa Gld", "code": "COROW", "country": "AU", "lat": "3559.650S", "lon": "14621.367E", "elev": "469ft", "style": "5", "rwdir": "50", "rwlen": "5938ft", "freq": "126.7", "desc": "Airport", "Lat DM": "-35d 59.650", "Long DM": "146d 21.367" }, "geometry": { "type": "Point", "coordinates": [ 146.356116666666679, -35.994166666666665 ] } },
{ "type": "Feature", "properties": { "CharName": "Corryong", "code": "CORYG", "country": "AU", "lat": "3610.983S", "lon": "14753.267E", "elev": "961ft", "style": "5", "rwdir": "60", "rwlen": "1380.0m", "freq": "126.7", "desc": "Airfield, YCRG, Turn Point, Ccts to North, 06/24", "Lat DM": "-36d 10.983", "Long DM": "147d 53.267" }, "geometry": { "type": "Point", "coordinates": [ 147.887783333333346, -36.18305 ] } },
{ "type": "Feature", "properties": { "CharName": "Corryong R/J", "code": "CORRNGRJ", "country": "AU", "lat": "3611.683S", "lon": "14754.383E", "elev": "1073ft", "style": "1", "rwdir": null, "rwlen": null, "freq": null, "desc": "Turn Point, round about (eastern)", "Lat DM": "-36d 11.683", "Long DM": "147d 54.383" }, "geometry": { "type": "Point", "coordinates": [ 147.906383333333338, -36.194716666666665 ] } },
{ "type": "Feature", "properties": { "CharName": "CtrlE", "code": "006CTRLE", "country": "AU", "lat": "3559.417S", "lon": "14631.733E", "elev": "476ft", "style": "1", "rwdir": null, "rwlen": null, "freq": null, "desc": "Turn point, Control Point, Turn Point", "Lat DM": "-35d 59.417", "Long DM": "146d 31.733" }, "geometry": { "type": "Point", "coordinates": [ 146.52888333333334, -35.990283333333331 ] } },
{ "type": "Feature", "properties": { "CharName": "CtrlN", "code": "007CTRLN", "country": "AU", "lat": "3550.667S", "lon": "14621.917E", "elev": "449ft", "style": "1", "rwdir": null, "rwlen": null, "freq": null, "desc": "Turn Point, Control Point", "Lat DM": "-35d 50.667", "Long DM": "146d 21.917" }, "geometry": { "type": "Point", "coordinates": [ 146.365283333333338, -35.84445 ] } },
{ "type": "Feature", "properties": { "CharName": "CtrlS", "code": "008CTRLS", "country": "AU", "lat": "3605.050S", "lon": "14619.967E", "elev": "474ft", "style": "1", "rwdir": null, "rwlen": null, "freq": null, "desc": "Turn Point, Control Point", "Lat DM": "-36d 05.050", "Long DM": "146d 19.967" }, "geometry": { "type": "Point", "coordinates": [ 146.332783333333339, -36.084166666666668 ] } },
{ "type": "Feature", "properties": { "CharName": "CtrlW", "code": "009CTRLW", "country": "AU", "lat": "3558.850S", "lon": "14612.017E", "elev": "435ft", "style": "1", "rwdir": null, "rwlen": null, "freq": null, "desc": "Turn Point, Control Point", "Lat DM": "-35d 58.850", "Long DM": "146d 12.017" }, "geometry": { "type": "Point", "coordinates": [ 146.200283333333346, -35.980833333333337 ] } },
{ "type": "Feature", "properties": { "CharName": "Cudgewa", "code": "CUDGEWA", "country": "AU", "lat": "3611.450S", "lon": "14746.283E", "elev": "1050ft", "style": "1", "rwdir": null, "rwlen": null, "freq": null, "desc": "Turn Point, x-roads", "Lat DM": "-36d 11.450", "Long DM": "147d 46.283" }, "geometry": { "type": "Point", "coordinates": [ 147.771383333333347, -36.19083333333333 ] } },
{ "type": "Feature", "properties": { "CharName": "Cudgewa", "code": "CUDGEWA", "country": "AU", "lat": "3612.600S", "lon": "14746.700E", "elev": "1299ft", "style": "3", "rwdir": "270", "rwlen": null, "freq": null, "desc": "Turn Point, Landable, LAND OWNRISK", "Lat DM": "-36d 12.600", "Long DM": "147d 46.700" }, "geometry": { "type": "Point", "coordinates": [ 147.778333333333336, -36.21 ] } },
{ "type": "Feature", "properties": { "CharName": "Cudgewa*", "code": "LS012", "country": "AU", "lat": "3612.606S", "lon": "14746.697E", "elev": "393.0m", "style": "3", "rwdir": null, "rwlen": null, "freq": null, "desc": "grass 08/26 720mx15/60m", "Lat DM": "-36d 12.606", "Long DM": "147d 46.697" }, "geometry": { "type": "Point", "coordinates": [ 147.77828333333332, -36.2101 ] } },
{ "type": "Feature", "properties": { "CharName": "Culca", "code": "045CCN", "country": "AU", "lat": "3540.200S", "lon": "14702.317E", "elev": "709ft", "style": "1", "rwdir": null, "rwlen": null, "freq": null, "desc": "Turn Point, Culcairn", "Lat DM": "-35d 40.200", "Long DM": "147d 02.317" }, "geometry": { "type": "Point", "coordinates": [ 147.038616666666655, -35.67 ] } },
{ "type": "Feature", "properties": { "CharName": "Culcairn", "code": "CULCAIRN", "country": "AU", "lat": "3539.950S", "lon": "14702.300E", "elev": "705ft", "style": "1", "rwdir": null, "rwlen": null, "freq": null, "desc": "Turn Point, R/S", "Lat DM": "-35d 39.950", "Long DM": "147d 02.300" }, "geometry": { "type": "Point", "coordinates": [ 147.038333333333327, -35.665833333333332 ] } },
{ "type": "Feature", "properties": { "CharName": "Culcairn", "code": "CULCAIRN", "country": "AU", "lat": "3540.500S", "lon": "14702.000E", "elev": null, "style": "1", "rwdir": null, "rwlen": null, "freq": null, "desc": "Turn Point", "Lat DM": "-35d 40.500", "Long DM": "147d 02.000" }, "geometry": { "type": "Point", "coordinates": [ 147.033333333333331, -35.675 ] } },
{ "type": "Feature", "properties": { "CharName": "Culcairn", "code": "CULCAIRN", "country": "AU", "lat": "3540.550S", "lon": "14702.083E", "elev": "708.7ft", "style": "1", "rwdir": null, "rwlen": null, "freq": null, "desc": "Turn Point", "Lat DM": "-35d 40.550", "Long DM": "147d 02.083" }, "geometry": { "type": "Point", "coordinates": [ 147.034716666666668, -35.67583333333333 ] } },
{ "type": "Feature", "properties": { "CharName": "Dandongadale", "code": "DANDNGDL", "country": "AU", "lat": "3647.983S", "lon": "14639.850E", "elev": "955ft", "style": "1", "rwdir": null, "rwlen": null, "freq": null, "desc": "Turn Point, T-junc ?landable field 350 800m", "Lat DM": "-36d 47.983", "Long DM": "146d 39.850" }, "geometry": { "type": "Point", "coordinates": [ 146.664166666666659, -36.799716666666669 ] } },
{ "type": "Feature", "properties": { "CharName": "Dartmouth", "code": "DARTMO", "country": "AU", "lat": "3633.683S", "lon": "14731.266E", "elev": "1601ft", "style": "1", "rwdir": null, "rwlen": null, "freq": null, "desc": "#200, Dam wall, Turn Point", "Lat DM": "-36d 33.683", "Long DM": "147d 31.266" }, "geometry": { "type": "Point", "coordinates": [ 147.5211, -36.561383333333332 ] } },
{ "type": "Feature", "properties": { "CharName": "Dartmouth Dam Wa", "code": "DARTMO", "country": "AU", "lat": "3633.683S", "lon": "14731.267E", "elev": "1102ft", "style": "1", "rwdir": null, "rwlen": null, "freq": null, "desc": "DAMWALL, Turn Point", "Lat DM": "-36d 33.683", "Long DM": "147d 31.267" }, "geometry": { "type": "Point", "coordinates": [ 147.521116666666671, -36.561383333333332 ] } },
{ "type": "Feature", "properties": { "CharName": "Dartmouth Dam Wall", "code": "DRTMTHDM", "country": "AU", "lat": "3633.467S", "lon": "14731.467E", "elev": "1539ft", "style": "1", "rwdir": null, "rwlen": null, "freq": null, "desc": "Turn Point, dam wall", "Lat DM": "-36d 33.467", "Long DM": "147d 31.467" }, "geometry": { "type": "Point", "coordinates": [ 147.52445, -36.557783333333333 ] } },
{ "type": "Feature", "properties": { "CharName": "Daysdale", "code": "DAYSDA", "country": "AU", "lat": "3539.083S", "lon": "14618.533E", "elev": "436ft", "style": "1", "rwdir": null, "rwlen": null, "freq": null, "desc": "#201, Turn Point", "Lat DM": "-35d 39.083", "Long DM": "146d 18.533" }, "geometry": { "type": "Point", "coordinates": [ 146.308883333333341, -35.651383333333335 ] } },
{ "type": "Feature", "properties": { "CharName": "Daysdale", "code": "DAYSDALE", "country": "AU", "lat": "3539.233S", "lon": "14618.750E", "elev": "429.8ft", "style": "1", "rwdir": null, "rwlen": null, "freq": null, "desc": "Turn Point", "Lat DM": "-35d 39.233", "Long DM": "146d 18.750" }, "geometry": { "type": "Point", "coordinates": [ 146.3125, -35.653883333333333 ] } },
{ "type": "Feature", "properties": { "CharName": "Dederang", "code": "DEDERANG", "country": "AU", "lat": "3627.267S", "lon": "14659.767E", "elev": "886ft", "style": "1", "rwdir": null, "rwlen": null, "freq": null, "desc": "Turn Point, T-junc complex NW town", "Lat DM": "-36d 27.267", "Long DM": "146d 59.767" }, "geometry": { "type": "Point", "coordinates": [ 146.996116666666666, -36.45445 ] } },
{ "type": "Feature", "properties": { "CharName": "Dederang", "code": "DEDERA", "country": "AU", "lat": "3627.666S", "lon": "14659.500E", "elev": "981ft", "style": "1", "rwdir": null, "rwlen": null, "freq": null, "desc": "#202, Rail yard, Turn Point", "Lat DM": "-36d 27.666", "Long DM": "146d 59.500" }, "geometry": { "type": "Point", "coordinates": [ 146.991666666666674, -36.4611 ] } },
{ "type": "Feature", "properties": { "CharName": "Dederang Rail YA", "code": "DEDERA", "country": "AU", "lat": "3627.667S", "lon": "14659.500E", "elev": "981ft", "style": "1", "rwdir": null, "rwlen": null, "freq": null, "desc": "RAILYARD, Turn Point", "Lat DM": "-36d 27.667", "Long DM": "146d 59.500" }, "geometry": { "type": "Point", "coordinates": [ 146.991666666666674, -36.461116666666669 ] } },
{ "type": "Feature", "properties": { "CharName": "Devenish", "code": "DEVENISH", "country": "AU", "lat": "3620.000S", "lon": "14553.633E", "elev": "486ft", "style": "1", "rwdir": null, "rwlen": null, "freq": null, "desc": "Turn Point, road junction", "Lat DM": "-36d 20.000", "Long DM": "145d 53.633" }, "geometry": { "type": "Point", "coordinates": [ 145.893883333333321, -36.333333333333336 ] } },
{ "type": "Feature", "properties": { "CharName": "Devenish", "code": "DEVONISH", "country": "AU", "lat": "3620.000S", "lon": "14553.617E", "elev": "499ft", "style": "1", "rwdir": null, "rwlen": null, "freq": null, "desc": "#205, Turn Point", "Lat DM": "-36d 20.000", "Long DM": "145d 53.617" }, "geometry": { "type": "Point", "coordinates": [ 145.893616666666674, -36.333333333333336 ] } },
{ "type": "Feature", "properties": { "CharName": "DOOK", "code": "048DOOK", "country": "AU", "lat": "3619.800S", "lon": "14540.533E", "elev": "531ft", "style": "1", "rwdir": null, "rwlen": null, "freq": null, "desc": "Dookie Silo, Turn Point", "Lat DM": "-36d 19.800", "Long DM": "145d 40.533" }, "geometry": { "type": "Point", "coordinates": [ 145.67555, -36.33 ] } },
{ "type": "Feature", "properties": { "CharName": "Dooki East", "code": "DOOKIE", "country": "AU", "lat": "3620.050S", "lon": "14543.600E", "elev": "499ft", "style": "1", "rwdir": null, "rwlen": null, "freq": null, "desc": "EAST, Turn Point", "Lat DM": "-36d 20.050", "Long DM": "145d 43.600" }, "geometry": { "type": "Point", "coordinates": [ 145.726666666666659, -36.334166666666668 ] } },
{ "type": "Feature", "properties": { "CharName": "Dookie", "code": "DOOKIE", "country": "AU", "lat": "3619.733S", "lon": "14540.650E", "elev": "564.3ft", "style": "1", "rwdir": null, "rwlen": null, "freq": null, "desc": "Turn Point", "Lat DM": "-36d 19.733", "Long DM": "145d 40.650" }, "geometry": { "type": "Point", "coordinates": [ 145.6775, -36.32888333333333 ] } },
{ "type": "Feature", "properties": { "CharName": "Dookie College AF", "code": "DOOKCLLF", "country": "AU", "lat": "3623.067S", "lon": "14543.633E", "elev": "469ft", "style": "5", "rwdir": null, "rwlen": null, "freq": null, "desc": "Turn Point, grass 03/21 770m", "Lat DM": "-36d 23.067", "Long DM": "145d 43.633" }, "geometry": { "type": "Point", "coordinates": [ 145.727216666666664, -36.38445 ] } },
{ "type": "Feature", "properties": { "CharName": "Dookie silo", "code": "DOOKIESL", "country": "AU", "lat": "3619.750S", "lon": "14540.650E", "elev": "509ft", "style": "1", "rwdir": null, "rwlen": null, "freq": null, "desc": "Turn Point, silo", "Lat DM": "-36d 19.750", "Long DM": "145d 40.650" }, "geometry": { "type": "Point", "coordinates": [ 145.6775, -36.329166666666666 ] } },
{ "type": "Feature", "properties": { "CharName": "Dookie silo", "code": "210DOOKI", "country": "AU", "lat": "3619.800S", "lon": "14540.534E", "elev": "531ft", "style": "1", "rwdir": null, "rwlen": null, "freq": null, "desc": "#210, Silo, Turn Point", "Lat DM": "-36d 19.800", "Long DM": "145d 40.534" }, "geometry": { "type": "Point", "coordinates": [ 145.675566666666668, -36.33 ] } },
{ "type": "Feature", "properties": { "CharName": "Dowdle", "code": "211DOWDL", "country": "AU", "lat": "3606.677S", "lon": "14602.506E", "elev": "438ft", "style": "1", "rwdir": null, "rwlen": null, "freq": null, "desc": "#211, Turn Point", "Lat DM": "-36d 06.677", "Long DM": "146d 02.506" }, "geometry": { "type": "Point", "coordinates": [ 146.041766666666661, -36.111283333333333 ] } },
{ "type": "Feature", "properties": { "CharName": "Earlston A/F", "code": "EARLSTON", "country": "AU", "lat": "3633.083S", "lon": "14548.317E", "elev": "591ft", "style": "2", "rwdir": "170", "rwlen": "1150.0m", "freq": null, "desc": "Turn Point, YELS, sealed 17/35 1150m", "Lat DM": "-36d 33.083", "Long DM": "145d 48.317" }, "geometry": { "type": "Point", "coordinates": [ 145.805283333333335, -36.551383333333334 ] } },
{ "type": "Feature", "properties": { "CharName": "El Dorado A/F", "code": "ELDORADO", "country": "AU", "lat": "3620.233S", "lon": "14627.800E", "elev": "568ft", "style": "2", "rwdir": "70", "rwlen": "850.0m", "freq": null, "desc": "Turn Point, gravel 07/25 850m", "Lat DM": "-36d 20.233", "Long DM": "146d 27.800" }, "geometry": { "type": "Point", "coordinates": [ 146.463333333333338, -36.33721666666667 ] } },
{ "type": "Feature", "properties": { "CharName": "El Dorado dam", "code": "ELDORDDM", "country": "AU", "lat": "3618.817S", "lon": "14630.200E", "elev": "584ft", "style": "1", "rwdir": null, "rwlen": null, "freq": null, "desc": "Turn Point, dredge in dam", "Lat DM": "-36d 18.817", "Long DM": "146d 30.200" }, "geometry": { "type": "Point", "coordinates": [ 146.50333333333333, -36.313616666666668 ] } },
{ "type": "Feature", "properties": { "CharName": "Eskdale", "code": "ESKDALE", "country": "AU", "lat": "3627.883S", "lon": "14715.000E", "elev": "817ft", "style": "1", "rwdir": null, "rwlen": null, "freq": null, "desc": "Turn Point, T junction", "Lat DM": "-36d 27.883", "Long DM": "147d 15.000" }, "geometry": { "type": "Point", "coordinates": [ 147.25, -36.464716666666668 ] } },
{ "type": "Feature", "properties": { "CharName": "Euroa A/D", "code": "EUROA", "country": "AU", "lat": "3644.667S", "lon": "14530.817E", "elev": "551ft", "style": "2", "rwdir": "180", "rwlen": "1150", "freq": "126.7", "desc": "YEUA, grass 14/32 18/36", "Lat DM": "-36d 44.667", "Long DM": "145d 30.817" }, "geometry": { "type": "Point", "coordinates": [ 145.513616666666678, -36.74445 ] } },
{ "type": "Feature", "properties": { "CharName": "Euroa A/S", "code": "EUROA AS", "country": "AU", "lat": "3646.383S", "lon": "14535.133E", "elev": "597ft", "style": "2", "rwdir": "170", "rwlen": "1000.0m", "freq": null, "desc": "Turn Point, grass 1000m 17/35", "Lat DM": "-36d 46.383", "Long DM": "145d 35.133" }, "geometry": { "type": "Point", "coordinates": [ 145.58555, -36.77305 ] } },
{ "type": "Feature", "properties": { "CharName": "Euroa AG", "code": "EuroaAg", "country": "AU", "lat": "3646.368S", "lon": "14535.104E", "elev": "604ft", "style": "3", "rwdir": null, "rwlen": null, "freq": null, "desc": "#220, Landable, AU-0386, Turn Point", "Lat DM": "-36d 46.368", "Long DM": "145d 35.104" }, "geometry": { "type": "Point", "coordinates": [ 145.585066666666677, -36.7728 ] } },
{ "type": "Feature", "properties": { "CharName": "Euroa Eb X Str", "code": "EUROAE", "country": "AU", "lat": "3645.700S", "lon": "14534.500E", "elev": "449ft", "style": "1", "rwdir": null, "rwlen": null, "freq": null, "desc": "EBXSTR, Turn Point", "Lat DM": "-36d 45.700", "Long DM": "145d 34.500" }, "geometry": { "type": "Point", "coordinates": [ 145.575, -36.76166666666667 ] } },
{ "type": "Feature", "properties": { "CharName": "Euroa R/S", "code": "EUROA RS", "country": "AU", "lat": "3644.933S", "lon": "14534.133E", "elev": "581ft", "style": "1", "rwdir": null, "rwlen": null, "freq": null, "desc": "Turn Point, R/S", "Lat DM": "-36d 44.933", "Long DM": "145d 34.133" }, "geometry": { "type": "Point", "coordinates": [ 145.568883333333332, -36.748883333333332 ] } },
{ "type": "Feature", "properties": { "CharName": "Eurobin", "code": "EUROBIN", "country": "AU", "lat": "3637.933S", "lon": "14651.133E", "elev": "817ft", "style": "1", "rwdir": null, "rwlen": null, "freq": null, "desc": "Turn Point, T-Juc", "Lat DM": "-36d 37.933", "Long DM": "146d 51.133" }, "geometry": { "type": "Point", "coordinates": [ 146.852216666666664, -36.632216666666665 ] } },
{ "type": "Feature", "properties": { "CharName": "Eurobin", "code": "EUROBI", "country": "AU", "lat": "3638.416S", "lon": "14651.833E", "elev": "896ft", "style": "1", "rwdir": null, "rwlen": null, "freq": null, "desc": "#222, Turn Point", "Lat DM": "-36d 38.416", "Long DM": "146d 51.833" }, "geometry": { "type": "Point", "coordinates": [ 146.86388333333332, -36.640266666666669 ] } },
{ "type": "Feature", "properties": { "CharName": "Everton AF", "code": "EVERTONF", "country": "AU", "lat": "3624.717S", "lon": "14629.417E", "elev": "5502ft", "style": "2", "rwdir": "180", "rwlen": "853.0m", "freq": null, "desc": "Turn Point, grass 18/36 853m", "Lat DM": "-36d 24.717", "Long DM": "146d 29.417" }, "geometry": { "type": "Point", "coordinates": [ 146.490283333333338, -36.41195 ] } },
{ "type": "Feature", "properties": { "CharName": "Falls Creek", "code": "FALLSCRK", "country": "AU", "lat": "3651.800S", "lon": "14716.833E", "elev": "5118ft", "style": "1", "rwdir": null, "rwlen": null, "freq": null, "desc": "Turn Point, resort apron", "Lat DM": "-36d 51.800", "Long DM": "147d 16.833" }, "geometry": { "type": "Point", "coordinates": [ 147.28055, -36.86333333333333 ] } },
{ "type": "Feature", "properties": { "CharName": "Finis", "code": "001FINIS", "country": "AU", "lat": "3559.383S", "lon": "14621.450E", "elev": "459ft", "style": "1", "rwdir": null, "rwlen": null, "freq": null, "desc": "YCOR, Turn Point, Home Turnpoint, Corowa Airport, Home Field, Start Point, Finish Point", "Lat DM": "-35d 59.383", "Long DM": "146d 21.450" }, "geometry": { "type": "Point", "coordinates": [ 146.3575, -35.989716666666666 ] } },
{ "type": "Feature", "properties": { "CharName": "Finley", "code": "FILEY", "country": "AU", "lat": "3538.900S", "lon": "14534.900E", "elev": null, "style": "1", "rwdir": null, "rwlen": null, "freq": null, "desc": "Turn Point", "Lat DM": "-35d 38.900", "Long DM": "145d 34.900" }, "geometry": { "type": "Point", "coordinates": [ 145.581666666666678, -35.648333333333333 ] } },
{ "type": "Feature", "properties": { "CharName": "Finley", "code": "FINLEY", "country": "AU", "lat": "3539.083S", "lon": "14534.583E", "elev": "364.2ft", "style": "1", "rwdir": null, "rwlen": null, "freq": null, "desc": "Turn Point", "Lat DM": "-35d 39.083", "Long DM": "145d 34.583" }, "geometry": { "type": "Point", "coordinates": [ 145.576383333333325, -35.651383333333335 ] } },
{ "type": "Feature", "properties": { "CharName": "Finley", "code": "FINLE", "country": "AU", "lat": "3539.533S", "lon": "14533.733E", "elev": "361ft", "style": "5", "rwdir": "50", "rwlen": "900.0m", "freq": "122.9", "desc": "Airfield, YFIL, Turn Point", "Lat DM": "-35d 39.533", "Long DM": "145d 33.733" }, "geometry": { "type": "Point", "coordinates": [ 145.562216666666671, -35.658883333333335 ] } },
{ "type": "Feature", "properties": { "CharName": "Finley", "code": "FINLEY", "country": "AU", "lat": "3539.750S", "lon": "14532.167E", "elev": null, "style": "5", "rwdir": null, "rwlen": null, "freq": null, "desc": "Turn Point, A/D", "Lat DM": "-35d 39.750", "Long DM": "145d 32.167" }, "geometry": { "type": "Point", "coordinates": [ 145.536116666666658, -35.6625 ] } },
{ "type": "Feature", "properties": { "CharName": "Finley A/D", "code": "FINLEY", "country": "AU", "lat": "3539.533S", "lon": "14533.667E", "elev": "1450ft", "style": "5", "rwdir": "60", "rwlen": "870.0m", "freq": null, "desc": "Turn Point, YFIL, sealed 06/24", "Lat DM": "-35d 39.533", "Long DM": "145d 33.667" }, "geometry": { "type": "Point", "coordinates": [ 145.561116666666663, -35.658883333333335 ] } },
{ "type": "Feature", "properties": { "CharName": "Finley AD", "code": "FINLEA-D", "country": "AU", "lat": "3539.517S", "lon": "14533.683E", "elev": "378ft", "style": "5", "rwdir": "240", "rwlen": "899.0m", "freq": "122.9", "desc": "#225, YFIL, Turn Point", "Lat DM": "-35d 39.517", "Long DM": "145d 33.683" }, "geometry": { "type": "Point", "coordinates": [ 145.561383333333339, -35.658616666666667 ] } },
{ "type": "Feature", "properties": { "CharName": "Finley silo", "code": "FINLEYSL", "country": "AU", "lat": "3538.883S", "lon": "14534.517E", "elev": "364ft", "style": "1", "rwdir": null, "rwlen": null, "freq": null, "desc": "Turn Point, silo", "Lat DM": "-35d 38.883", "Long DM": "145d 34.517" }, "geometry": { "type": "Point", "coordinates": [ 145.575283333333346, -35.64805 ] } },
{ "type": "Feature", "properties": { "CharName": "FINS", "code": "146FINS", "country": "AU", "lat": "3633.467S", "lon": "14600.417E", "elev": "570ft", "style": "2", "rwdir": "80", "rwlen": "1050.0m", "freq": "122.5", "desc": "YBLA, Finish South, Finish Point, Finish Point", "Lat DM": "-36d 33.467", "Long DM": "146d 00.417" }, "geometry": { "type": "Point", "coordinates": [ 146.00695, -36.557783333333333 ] } },
{ "type": "Feature", "properties": { "CharName": "FINW", "code": "147FINW", "country": "AU", "lat": "3633.033S", "lon": "14600.417E", "elev": "570ft", "style": "2", "rwdir": "80", "rwlen": "1050.0m", "freq": "122.5", "desc": "YBLA, Finish West, Finish Point, Finish Point", "Lat DM": "-36d 33.033", "Long DM": "146d 00.417" }, "geometry": { "type": "Point", "coordinates": [ 146.00695, -36.55055 ] } },
{ "type": "Feature", "properties": { "CharName": "Five Ways", "code": "FIVEWAYS", "country": "AU", "lat": "3626.967S", "lon": "14559.333E", "elev": "594ft", "style": "1", "rwdir": null, "rwlen": null, "freq": null, "desc": "Turn Point, Intersection", "Lat DM": "-36d 26.967", "Long DM": "145d 59.333" }, "geometry": { "type": "Point", "coordinates": [ 145.98888333333332, -36.44945 ] } },
{ "type": "Feature", "properties": { "CharName": "Five Ways", "code": "FIVEWA", "country": "AU", "lat": "3626.500S", "lon": "14559.166E", "elev": "499ft", "style": "1", "rwdir": null, "rwlen": null, "freq": null, "desc": "#226, Turn Point", "Lat DM": "-36d 26.500", "Long DM": "145d 59.166" }, "geometry": { "type": "Point", "coordinates": [ 145.9861, -36.44166666666667 ] } },
{ "type": "Feature", "properties": { "CharName": "Gerogery", "code": "GEROGERY", "country": "AU", "lat": "3550.367S", "lon": "14659.667E", "elev": "791ft", "style": "1", "rwdir": null, "rwlen": null, "freq": null, "desc": "Turn Point, R/S", "Lat DM": "-35d 50.367", "Long DM": "146d 59.667" }, "geometry": { "type": "Point", "coordinates": [ 146.99445, -35.83945 ] } },
{ "type": "Feature", "properties": { "CharName": "Gerogery", "code": "GEROGE", "country": "AU", "lat": "3549.967S", "lon": "14659.667E", "elev": "968ft", "style": "1", "rwdir": null, "rwlen": null, "freq": null, "desc": "Turn Point", "Lat DM": "-35d 49.967", "Long DM": "146d 59.667" }, "geometry": { "type": "Point", "coordinates": [ 146.99445, -35.832783333333332 ] } },
{ "type": "Feature", "properties": { "CharName": "Gerogery", "code": "GEROGERY", "country": "AU", "lat": "3552.617S", "lon": "14657.917E", "elev": "748ft", "style": "1", "rwdir": null, "rwlen": null, "freq": null, "desc": "Turn Point", "Lat DM": "-35d 52.617", "Long DM": "146d 57.917" }, "geometry": { "type": "Point", "coordinates": [ 146.965283333333332, -35.87695 ] } },
{ "type": "Feature", "properties": { "CharName": "Gigarre", "code": "GIGARRE", "country": "AU", "lat": "3623.900S", "lon": "14459.117E", "elev": "354ft", "style": "1", "rwdir": null, "rwlen": null, "freq": null, "desc": "Turn Point, canning factory tank", "Lat DM": "-36d 23.900", "Long DM": "144d 59.117" }, "geometry": { "type": "Point", "coordinates": [ 144.985283333333342, -36.398333333333333 ] } },
{ "type": "Feature", "properties": { "CharName": "Girgarre", "code": "36GIRG", "country": "AU", "lat": "3624.417S", "lon": "14459.367E", "elev": "352ft", "style": "1", "rwdir": null, "rwlen": null, "freq": null, "desc": "#234, Turn Point", "Lat DM": "-36d 24.417", "Long DM": "144d 59.367" }, "geometry": { "type": "Point", "coordinates": [ 144.98945, -36.40695 ] } },
{ "type": "Feature", "properties": { "CharName": "Glenrowan", "code": "GLENROWN", "country": "AU", "lat": "3627.767S", "lon": "14613.433E", "elev": "764ft", "style": "1", "rwdir": null, "rwlen": null, "freq": null, "desc": "Turn Point, railway station", "Lat DM": "-36d 27.767", "Long DM": "146d 13.433" }, "geometry": { "type": "Point", "coordinates": [ 146.223883333333333, -36.462783333333334 ] } },
{ "type": "Feature", "properties": { "CharName": "Glenrowan Bridge", "code": "239GLENR", "country": "AU", "lat": "3628.000S", "lon": "14613.000E", "elev": "505ft", "style": "1", "rwdir": null, "rwlen": null, "freq": null, "desc": "#239, Railway, Turn Point", "Lat DM": "-36d 28.000", "Long DM": "146d 13.000" }, "geometry": { "type": "Point", "coordinates": [ 146.216666666666669, -36.466666666666669 ] } },
{ "type": "Feature", "properties": { "CharName": "Glenrowan North", "code": "GlenrNth", "country": "AU", "lat": "3621.117S", "lon": "14611.550E", "elev": "1270ft", "style": "1", "rwdir": null, "rwlen": null, "freq": null, "desc": "#237, Turn Point", "Lat DM": "-36d 21.117", "Long DM": "146d 11.550" }, "geometry": { "type": "Point", "coordinates": [ 146.1925, -36.35195 ] } },
{ "type": "Feature", "properties": { "CharName": "Goombargana Hill", "code": "GMBRGNHL", "country": "AU", "lat": "3543.367S", "lon": "14635.550E", "elev": "1306ft", "style": "1", "rwdir": null, "rwlen": null, "freq": null, "desc": "Turn Point, summit", "Lat DM": "-35d 43.367", "Long DM": "146d 35.550" }, "geometry": { "type": "Point", "coordinates": [ 146.5925, -35.722783333333332 ] } },
{ "type": "Feature", "properties": { "CharName": "Goombargana Hill", "code": "242GOOMB", "country": "AU", "lat": "3543.309S", "lon": "14635.440E", "elev": "1038ft", "style": "1", "rwdir": null, "rwlen": null, "freq": null, "desc": "#242, Turn Point", "Lat DM": "-35d 43.309", "Long DM": "146d 35.440" }, "geometry": { "type": "Point", "coordinates": [ 146.590666666666664, -35.721816666666669 ] } },
{ "type": "Feature", "properties": { "CharName": "Goorambat", "code": "GOORAMBT", "country": "AU", "lat": "3624.400S", "lon": "14555.233E", "elev": "531ft", "style": "1", "rwdir": null, "rwlen": null, "freq": null, "desc": "Turn Point, R/J", "Lat DM": "-36d 24.400", "Long DM": "145d 55.233" }, "geometry": { "type": "Point", "coordinates": [ 145.92055, -36.406666666666666 ] } },
{ "type": "Feature", "properties": { "CharName": "Goorambat", "code": "GOORAMBT", "country": "AU", "lat": "3625.000S", "lon": "14555.000E", "elev": null, "style": "1", "rwdir": null, "rwlen": null, "freq": null, "desc": "Turn Point, Silo", "Lat DM": "-36d 25.000", "Long DM": "145d 55.000" }, "geometry": { "type": "Point", "coordinates": [ 145.916666666666657, -36.416666666666664 ] } },
{ "type": "Feature", "properties": { "CharName": "Goorambat", "code": "49GOORB", "country": "AU", "lat": "3626.500S", "lon": "14551.750E", "elev": "404ft", "style": "1", "rwdir": null, "rwlen": null, "freq": null, "desc": "#69, Benalla Control Point North West, Turn Point", "Lat DM": "-36d 26.500", "Long DM": "145d 51.750" }, "geometry": { "type": "Point", "coordinates": [ 145.8625, -36.44166666666667 ] } },
{ "type": "Feature", "properties": { "CharName": "Granite Peak", "code": "GRANITPK", "country": "AU", "lat": "3636.800S", "lon": "14728.667E", "elev": "4570ft", "style": "1", "rwdir": null, "rwlen": null, "freq": null, "desc": "Turn Point, summit", "Lat DM": "-36d 36.800", "Long DM": "147d 28.667" }, "geometry": { "type": "Point", "coordinates": [ 147.477783333333321, -36.61333333333333 ] } },
{ "type": "Feature", "properties": { "CharName": "Granya", "code": "GRANYA", "country": "AU", "lat": "3606.517S", "lon": "14719.100E", "elev": "873ft", "style": "1", "rwdir": null, "rwlen": null, "freq": null, "desc": "Turn Point, x-road", "Lat DM": "-36d 06.517", "Long DM": "147d 19.100" }, "geometry": { "type": "Point", "coordinates": [ 147.318333333333328, -36.10861666666667 ] } },
{ "type": "Feature", "properties": { "CharName": "Greta West", "code": "39GWST", "country": "AU", "lat": "3632.037S", "lon": "14614.281E", "elev": "573ft", "style": "1", "rwdir": null, "rwlen": null, "freq": null, "desc": "#65, Benalla Control Point East, Turn Point", "Lat DM": "-36d 32.037", "Long DM": "146d 14.281" }, "geometry": { "type": "Point", "coordinates": [ 146.238016666666653, -36.53395 ] } },
{ "type": "Feature", "properties": { "CharName": "Gulpa", "code": "GULPA", "country": "AU", "lat": "3542.117S", "lon": "14453.233E", "elev": "344ft", "style": "1", "rwdir": null, "rwlen": null, "freq": null, "desc": "Turn Point, rail xing only", "Lat DM": "-35d 42.117", "Long DM": "144d 53.233" }, "geometry": { "type": "Point", "coordinates": [ 144.88721666666666, -35.70195 ] } },
{ "type": "Feature", "properties": { "CharName": "GWST", "code": "059GWST", "country": "AU", "lat": "3632.033S", "lon": "14614.283E", "elev": "573ft", "style": "1", "rwdir": null, "rwlen": null, "freq": null, "desc": "Greta West, Turn Point", "Lat DM": "-36d 32.033", "Long DM": "146d 14.283" }, "geometry": { "type": "Point", "coordinates": [ 146.23805, -36.533883333333335 ] } },
{ "type": "Feature", "properties": { "CharName": "Gwynne Hill", "code": "GWYNNHLL", "country": "AU", "lat": "3554.567S", "lon": "14553.500E", "elev": "787ft", "style": "1", "rwdir": null, "rwlen": null, "freq": null, "desc": "Turn Point, hillock", "Lat DM": "-35d 54.567", "Long DM": "145d 53.500" }, "geometry": { "type": "Point", "coordinates": [ 145.89166666666668, -35.90945 ] } },
{ "type": "Feature", "properties": { "CharName": "Harrietville", "code": "HARRTVLL", "country": "AU", "lat": "3652.783S", "lon": "14703.867E", "elev": "1601ft", "style": "1", "rwdir": null, "rwlen": null, "freq": null, "desc": "Turn Point, fish farm", "Lat DM": "-36d 52.783", "Long DM": "147d 03.867" }, "geometry": { "type": "Point", "coordinates": [ 147.06445, -36.879716666666667 ] } },
{ "type": "Feature", "properties": { "CharName": "Harrietville", "code": "HARRIE", "country": "AU", "lat": "3652.833S", "lon": "14703.950E", "elev": "1736ft", "style": "1", "rwdir": null, "rwlen": null, "freq": null, "desc": "#256, Pond, Turn Point", "Lat DM": "-36d 52.833", "Long DM": "147d 03.950" }, "geometry": { "type": "Point", "coordinates": [ 147.06583333333333, -36.88055 ] } },
{ "type": "Feature", "properties": { "CharName": "Holbrook", "code": "HOBROOK", "country": "AU", "lat": "3540.583S", "lon": "14719.500E", "elev": null, "style": "5", "rwdir": null, "rwlen": null, "freq": null, "desc": "Turn Point, A/D", "Lat DM": "-35d 40.583", "Long DM": "147d 19.500" }, "geometry": { "type": "Point", "coordinates": [ 147.325, -35.676383333333334 ] } },
{ "type": "Feature", "properties": { "CharName": "Holbrook", "code": "HOLBK", "country": "AU", "lat": "3540.817S", "lon": "14719.350E", "elev": "866ft", "style": "2", "rwdir": "40", "rwlen": "930.0m", "freq": null, "desc": "Airfield, YHBK, Turn Point", "Lat DM": "-35d 40.817", "Long DM": "147d 19.350" }, "geometry": { "type": "Point", "coordinates": [ 147.3225, -35.680283333333335 ] } },
{ "type": "Feature", "properties": { "CharName": "Holbrook", "code": "HOLBROOK", "country": "AU", "lat": "3541.167S", "lon": "14719.567E", "elev": "267M", "style": "2", "rwdir": "140", "rwlen": "4.3", "freq": null, "desc": "14/32      V", "Lat DM": "-35d 41.167", "Long DM": "147d 19.567" }, "geometry": { "type": "Point", "coordinates": [ 147.326116666666678, -35.686116666666663 ] } },
{ "type": "Feature", "properties": { "CharName": "Holbrook", "code": "HOLBROOK", "country": "AU", "lat": "3543.500S", "lon": "14718.667E", "elev": null, "style": "1", "rwdir": null, "rwlen": null, "freq": null, "desc": "Turn Point", "Lat DM": "-35d 43.500", "Long DM": "147d 18.667" }, "geometry": { "type": "Point", "coordinates": [ 147.311116666666663, -35.725 ] } },
{ "type": "Feature", "properties": { "CharName": "Holbrook A/D", "code": "HOLBROOK", "country": "AU", "lat": "3540.750S", "lon": "14719.533E", "elev": "873ft", "style": "2", "rwdir": "40", "rwlen": "900.0m", "freq": "126.7", "desc": "Turn Point, YHBK, gravel 04/22 14/32", "Lat DM": "-35d 40.750", "Long DM": "147d 19.533" }, "geometry": { "type": "Point", "coordinates": [ 147.32555, -35.679166666666667 ] } },
{ "type": "Feature", "properties": { "CharName": "Holbrook AF", "code": "HOLBROKF", "country": "AU", "lat": "3541.017S", "lon": "14719.000E", "elev": "872.7ft", "style": "2", "rwdir": null, "rwlen": "930.0m", "freq": null, "desc": "Turn Point, YHBK", "Lat DM": "-35d 41.017", "Long DM": "147d 19.000" }, "geometry": { "type": "Point", "coordinates": [ 147.316666666666663, -35.683616666666666 ] } },
{ "type": "Feature", "properties": { "CharName": "Holbrook silo", "code": "HOLBRKSL", "country": "AU", "lat": "3543.067S", "lon": "14718.667E", "elev": "856ft", "style": "1", "rwdir": null, "rwlen": null, "freq": null, "desc": "Turn Point, silo", "Lat DM": "-35d 43.067", "Long DM": "147d 18.667" }, "geometry": { "type": "Point", "coordinates": [ 147.311116666666663, -35.717783333333337 ] } },
{ "type": "Feature", "properties": { "CharName": "HOTH", "code": "063HOTH", "country": "AU", "lat": "3702.883S", "lon": "14720.100E", "elev": "4254ft", "style": "5", "rwdir": "110", "rwlen": "1440.0m", "freq": "126.75", "desc": "YHOT, Hotham A/F, Turn Point", "Lat DM": "-37d 02.883", "Long DM": "147d 20.100" }, "geometry": { "type": "Point", "coordinates": [ 147.335, -37.04805 ] } },
{ "type": "Feature", "properties": { "CharName": "Howes Creek*", "code": "LS346", "country": "AU", "lat": "3708.184S", "lon": "14600.935E", "elev": "297.0m", "style": "3", "rwdir": null, "rwlen": null, "freq": null, "desc": "grass 06/24 700m 30m", "Lat DM": "-37d 08.184", "Long DM": "146d 00.935" }, "geometry": { "type": "Point", "coordinates": [ 146.015583333333325, -37.1364 ] } },
{ "type": "Feature", "properties": { "CharName": "Howlong", "code": "HOWLONG", "country": "AU", "lat": "3559.167S", "lon": "14637.350E", "elev": "476ft", "style": "1", "rwdir": null, "rwlen": null, "freq": null, "desc": "Turn Point, bridge S of town", "Lat DM": "-35d 59.167", "Long DM": "146d 37.350" }, "geometry": { "type": "Point", "coordinates": [ 146.6225, -35.986116666666668 ] } },
{ "type": "Feature", "properties": { "CharName": "Invergordon", "code": "INVRGRDN", "country": "AU", "lat": "3609.283S", "lon": "14534.967E", "elev": "371ft", "style": "1", "rwdir": null, "rwlen": null, "freq": null, "desc": "Turn Point, X-roads", "Lat DM": "-36d 09.283", "Long DM": "145d 34.967" }, "geometry": { "type": "Point", "coordinates": [ 145.582783333333339, -36.154716666666666 ] } },
{ "type": "Feature", "properties": { "CharName": "Invergordon", "code": "INVERGOR", "country": "AU", "lat": "3609.317S", "lon": "14534.933E", "elev": "479ft", "style": "1", "rwdir": null, "rwlen": null, "freq": null, "desc": "#271, Road Junction, Turn Point", "Lat DM": "-36d 09.317", "Long DM": "145d 34.933" }, "geometry": { "type": "Point", "coordinates": [ 145.582216666666653, -36.155283333333337 ] } },
{ "type": "Feature", "properties": { "CharName": "Jingellic", "code": "JINGELLC", "country": "AU", "lat": "3555.583S", "lon": "14741.883E", "elev": "732ft", "style": "1", "rwdir": null, "rwlen": null, "freq": null, "desc": "Turn Point, x-road N of bridge", "Lat DM": "-35d 55.583", "Long DM": "147d 41.883" }, "geometry": { "type": "Point", "coordinates": [ 147.69805, -35.926383333333334 ] } },
{ "type": "Feature", "properties": { "CharName": "Kancoona Sth", "code": "KANCNSTH", "country": "AU", "lat": "3635.317S", "lon": "14659.250E", "elev": "1194ft", "style": "1", "rwdir": null, "rwlen": null, "freq": null, "desc": "Turn Point, R/J", "Lat DM": "-36d 35.317", "Long DM": "146d 59.250" }, "geometry": { "type": "Point", "coordinates": [ 146.9875, -36.588616666666667 ] } },
{ "type": "Feature", "properties": { "CharName": "Katam", "code": "070KTT", "country": "AU", "lat": "3604.100S", "lon": "14540.917E", "elev": "393ft", "style": "1", "rwdir": null, "rwlen": null, "freq": null, "desc": "Turn Point, Katamatite", "Lat DM": "-36d 04.100", "Long DM": "145d 40.917" }, "geometry": { "type": "Point", "coordinates": [ 145.68195, -36.068333333333335 ] } },
{ "type": "Feature", "properties": { "CharName": "Katamatite", "code": "KATAMATT", "country": "AU", "lat": "3605.267S", "lon": "14541.450E", "elev": "394ft", "style": "1", "rwdir": null, "rwlen": null, "freq": null, "desc": "Turn Point, silo", "Lat DM": "-36d 05.267", "Long DM": "145d 41.450" }, "geometry": { "type": "Point", "coordinates": [ 145.69083333333333, -36.087783333333334 ] } },
{ "type": "Feature", "properties": { "CharName": "Katamatite", "code": "068KTM", "country": "AU", "lat": "3604.617S", "lon": "14541.450E", "elev": "385ft", "style": "1", "rwdir": null, "rwlen": null, "freq": null, "desc": "Turn Point, Oval", "Lat DM": "-36d 04.617", "Long DM": "145d 41.450" }, "geometry": { "type": "Point", "coordinates": [ 145.69083333333333, -36.07695 ] } },
{ "type": "Feature", "properties": { "CharName": "Katamatite", "code": "KATAMS", "country": "AU", "lat": "3605.283S", "lon": "14541.433E", "elev": "410ft", "style": "1", "rwdir": null, "rwlen": null, "freq": null, "desc": "#278, Silo, Turn Point", "Lat DM": "-36d 05.283", "Long DM": "145d 41.433" }, "geometry": { "type": "Point", "coordinates": [ 145.69055, -36.08805 ] } },
{ "type": "Feature", "properties": { "CharName": "Katandra", "code": "KATANDRA", "country": "AU", "lat": "3613.617S", "lon": "14533.567E", "elev": "371ft", "style": "1", "rwdir": null, "rwlen": null, "freq": null, "desc": "Turn Point, R/J centre town", "Lat DM": "-36d 13.617", "Long DM": "145d 33.567" }, "geometry": { "type": "Point", "coordinates": [ 145.55945, -36.22695 ] } },
{ "type": "Feature", "properties": { "CharName": "Katandra West", "code": "KATANDW", "country": "AU", "lat": "3611.800S", "lon": "14531.600E", "elev": "410ft", "style": "1", "rwdir": null, "rwlen": null, "freq": null, "desc": "#279, Turn Point", "Lat DM": "-36d 11.800", "Long DM": "145d 31.600" }, "geometry": { "type": "Point", "coordinates": [ 145.526666666666671, -36.196666666666665 ] } },
{ "type": "Feature", "properties": { "CharName": "KATM", "code": "066KATM", "country": "AU", "lat": "3605.467S", "lon": "14541.383E", "elev": "400ft", "style": "1", "rwdir": null, "rwlen": null, "freq": null, "desc": "Katamatite Silo, Turn Point", "Lat DM": "-36d 05.467", "Long DM": "145d 41.383" }, "geometry": { "type": "Point", "coordinates": [ 145.689716666666669, -36.091116666666665 ] } },
{ "type": "Feature", "properties": { "CharName": "Katunga", "code": "280KATUN", "country": "AU", "lat": "3559.944S", "lon": "14527.610E", "elev": "362ft", "style": "1", "rwdir": null, "rwlen": null, "freq": null, "desc": "#280, Turn Point", "Lat DM": "-35d 59.944", "Long DM": "145d 27.610" }, "geometry": { "type": "Point", "coordinates": [ 145.46016666666668, -35.999066666666664 ] } },
{ "type": "Feature", "properties": { "CharName": "Katunga", "code": "069KAT", "country": "AU", "lat": "3559.950S", "lon": "14527.617E", "elev": "362ft", "style": "17", "rwdir": null, "rwlen": null, "freq": null, "desc": "Turn Point", "Lat DM": "-35d 59.950", "Long DM": "145d 27.617" }, "geometry": { "type": "Point", "coordinates": [ 145.460283333333336, -35.999166666666667 ] } },
{ "type": "Feature", "properties": { "CharName": "Kelvin Grove", "code": "Kelviove", "country": "AU", "lat": "3554.592S", "lon": "14608.543E", "elev": "433ft", "style": "1", "rwdir": null, "rwlen": null, "freq": null, "desc": "#281, Turn Point", "Lat DM": "-35d 54.592", "Long DM": "146d 08.543" }, "geometry": { "type": "Point", "coordinates": [ 146.142383333333328, -35.909866666666666 ] } },
{ "type": "Feature", "properties": { "CharName": "Kergunkah", "code": "KERGUNKH", "country": "AU", "lat": "3619.633S", "lon": "14701.683E", "elev": "627ft", "style": "1", "rwdir": null, "rwlen": null, "freq": null, "desc": "Turn Point, T-junction", "Lat DM": "-36d 19.633", "Long DM": "147d 01.683" }, "geometry": { "type": "Point", "coordinates": [ 147.02805, -36.327216666666665 ] } },
{ "type": "Feature", "properties": { "CharName": "Kergunyah", "code": "KERGUNYH", "country": "AU", "lat": "3618.350S", "lon": "14702.250E", "elev": "600ft", "style": "3", "rwdir": "170", "rwlen": "500.0m", "freq": null, "desc": "Turn Point, grass 17/35 500m", "Lat DM": "-36d 18.350", "Long DM": "147d 02.250" }, "geometry": { "type": "Point", "coordinates": [ 147.0375, -36.305833333333332 ] } },
{ "type": "Feature", "properties": { "CharName": "Koetong*", "code": "LS007", "country": "AU", "lat": "3609.064S", "lon": "14729.877E", "elev": "600.0m", "style": "Null", "rwdir": null, "rwlen": null, "freq": null, "desc": "Landable paddocks", "Lat DM": "-36d 09.064", "Long DM": "147d 29.877" }, "geometry": { "type": "Point", "coordinates": [ 147.49795, -36.151066666666665 ] } },
{ "type": "Feature", "properties": { "CharName": "Koyuga", "code": "KOYUGA", "country": "AU", "lat": "3613.283S", "lon": "14453.200E", "elev": "328ft", "style": "1", "rwdir": null, "rwlen": null, "freq": null, "desc": "Turn Point, rail xing R/J", "Lat DM": "-36d 13.283", "Long DM": "144d 53.200" }, "geometry": { "type": "Point", "coordinates": [ 144.886666666666656, -36.221383333333335 ] } },
{ "type": "Feature", "properties": { "CharName": "Kyabr", "code": "073KBM", "country": "AU", "lat": "3618.583S", "lon": "14502.350E", "elev": "354ft", "style": "1", "rwdir": null, "rwlen": null, "freq": null, "desc": "Turn Point, Kyabram", "Lat DM": "-36d 18.583", "Long DM": "145d 02.350" }, "geometry": { "type": "Point", "coordinates": [ 145.039166666666659, -36.309716666666667 ] } },
{ "type": "Feature", "properties": { "CharName": "Kyabram", "code": "KYABRAM", "country": "AU", "lat": "3619.867S", "lon": "14458.183E", "elev": "335ft", "style": "2", "rwdir": "90", "rwlen": "850.0m", "freq": null, "desc": "Turn Point, grass 09/27 850m", "Lat DM": "-36d 19.867", "Long DM": "144d 58.183" }, "geometry": { "type": "Point", "coordinates": [ 144.96971666666667, -36.331116666666667 ] } },
{ "type": "Feature", "properties": { "CharName": "Kyabram Airport", "code": "KYABR", "country": "AU", "lat": "3620.000S", "lon": "14458.000E", "elev": "341ft", "style": "2", "rwdir": "180", "rwlen": "910.0m", "freq": null, "desc": "#292, YKYB, Turn Point", "Lat DM": "-36d 20.000", "Long DM": "144d 58.000" }, "geometry": { "type": "Point", "coordinates": [ 144.966666666666669, -36.333333333333336 ] } },
{ "type": "Feature", "properties": { "CharName": "Kyabram South", "code": "KyabrSth", "country": "AU", "lat": "3622.433S", "lon": "14502.583E", "elev": "351ft", "style": "1", "rwdir": null, "rwlen": null, "freq": null, "desc": "#293, Turn Point", "Lat DM": "-36d 22.433", "Long DM": "145d 02.583" }, "geometry": { "type": "Point", "coordinates": [ 145.04305, -36.373883333333332 ] } },
{ "type": "Feature", "properties": { "CharName": "Lake Buffalo", "code": "LKBUFFAL", "country": "AU", "lat": "3642.833S", "lon": "14639.600E", "elev": "899ft", "style": "1", "rwdir": null, "rwlen": null, "freq": null, "desc": "Turn Point, dam wall (spillway)", "Lat DM": "-36d 42.833", "Long DM": "146d 39.600" }, "geometry": { "type": "Point", "coordinates": [ 146.66, -36.713883333333335 ] } },
{ "type": "Feature", "properties": { "CharName": "Lake Rowan", "code": "LK ROWAN", "country": "AU", "lat": "3616.200S", "lon": "14558.033E", "elev": "449ft", "style": "1", "rwdir": null, "rwlen": null, "freq": null, "desc": "Turn Point, x-roads", "Lat DM": "-36d 16.200", "Long DM": "145d 58.033" }, "geometry": { "type": "Point", "coordinates": [ 145.967216666666673, -36.27 ] } },
{ "type": "Feature", "properties": { "CharName": "Lake Rowan", "code": "Lake Row", "country": "AU", "lat": "3616.187S", "lon": "14558.041E", "elev": "453ft", "style": "1", "rwdir": null, "rwlen": null, "freq": null, "desc": "#304, Turn Point", "Lat DM": "-36d 16.187", "Long DM": "145d 58.041" }, "geometry": { "type": "Point", "coordinates": [ 145.96735, -36.269783333333336 ] } },
{ "type": "Feature", "properties": { "CharName": "Lake William Hovell", "code": "LKWLLMHV", "country": "AU", "lat": "3654.817S", "lon": "14623.517E", "elev": "1401ft", "style": "1", "rwdir": null, "rwlen": null, "freq": null, "desc": "Turn Point, spillway", "Lat DM": "-36d 54.817", "Long DM": "146d 23.517" }, "geometry": { "type": "Point", "coordinates": [ 146.39195, -36.91361666666667 ] } },
{ "type": "Feature", "properties": { "CharName": "Leniston", "code": "LENISTON", "country": "AU", "lat": "3538.900S", "lon": "14540.767E", "elev": "371ft", "style": "1", "rwdir": null, "rwlen": null, "freq": null, "desc": "Turn Point, R/S, abandoned", "Lat DM": "-35d 38.900", "Long DM": "145d 40.767" }, "geometry": { "type": "Point", "coordinates": [ 145.67945, -35.648333333333333 ] } },
{ "type": "Feature", "properties": { "CharName": "Lima North*", "code": "LS079", "country": "AU", "lat": "3641.675S", "lon": "14558.950E", "elev": "201.0m", "style": "3", "rwdir": null, "rwlen": null, "freq": null, "desc": "grass 17/35 760mx15m", "Lat DM": "-36d 41.675", "Long DM": "145d 58.950" }, "geometry": { "type": "Point", "coordinates": [ 145.9825, -36.694583333333334 ] } },
{ "type": "Feature", "properties": { "CharName": "LKRN", "code": "075LKRN", "country": "AU", "lat": "3616.183S", "lon": "14558.033E", "elev": "453ft", "style": "1", "rwdir": null, "rwlen": null, "freq": null, "desc": "Lake Rowan, Turn Point", "Lat DM": "-36d 16.183", "Long DM": "145d 58.033" }, "geometry": { "type": "Point", "coordinates": [ 145.967216666666673, -36.269716666666667 ] } },
{ "type": "Feature", "properties": { "CharName": "Locksley", "code": "53YLCS", "country": "AU", "lat": "3650.150S", "lon": "14519.917E", "elev": "541ft", "style": "2", "rwdir": null, "rwlen": null, "freq": null, "desc": "YLCS, Rail Xing, Turn Point", "Lat DM": "-36d 50.150", "Long DM": "145d 19.917" }, "geometry": { "type": "Point", "coordinates": [ 145.33195, -36.835833333333333 ] } },
{ "type": "Feature", "properties": { "CharName": "Locksley", "code": "LOCKSLEY", "country": "AU", "lat": "3648.950S", "lon": "14520.967E", "elev": "525ft", "style": "2", "rwdir": "10", "rwlen": "1700.0m", "freq": "121.1", "desc": "Turn Point, YLCS, grass strip(01/19)", "Lat DM": "-36d 48.950", "Long DM": "145d 20.967" }, "geometry": { "type": "Point", "coordinates": [ 145.34945, -36.81583333333333 ] } },
{ "type": "Feature", "properties": { "CharName": "Locksley", "code": "LOCSL", "country": "AU", "lat": "3648.900S", "lon": "14520.900E", "elev": "541ft", "style": "4", "rwdir": "90", "rwlen": "920.0m", "freq": "122.4", "desc": "#307, Airport, YLCS, Turn Point", "Lat DM": "-36d 48.900", "Long DM": "145d 20.900" }, "geometry": { "type": "Point", "coordinates": [ 145.348333333333329, -36.815 ] } },
{ "type": "Feature", "properties": { "CharName": "Locksley Fie Gld", "code": "LOCSL", "country": "AU", "lat": "3648.850S", "lon": "14520.933E", "elev": "522ft", "style": "4", "rwdir": "10", "rwlen": "1880.0m", "freq": "121.1", "desc": "Airfield, YLCS, Turn Point", "Lat DM": "-36d 48.850", "Long DM": "145d 20.933" }, "geometry": { "type": "Point", "coordinates": [ 145.348883333333333, -36.814166666666665 ] } },
{ "type": "Feature", "properties": { "CharName": "Londrigan*", "code": "LS011", "country": "AU", "lat": "3621.072S", "lon": "14625.589E", "elev": "882.0m", "style": "3", "rwdir": null, "rwlen": null, "freq": null, "desc": "grass 15/33 460mx13m", "Lat DM": "-36d 21.072", "Long DM": "146d 25.589" }, "geometry": { "type": "Point", "coordinates": [ 146.426483333333323, -36.3512 ] } },
{ "type": "Feature", "properties": { "CharName": "Longwood", "code": "LONGWO", "country": "AU", "lat": "3648.166S", "lon": "14525.000E", "elev": "591ft", "style": "1", "rwdir": null, "rwlen": null, "freq": null, "desc": "#310, Turn Point", "Lat DM": "-36d 48.166", "Long DM": "145d 25.000" }, "geometry": { "type": "Point", "coordinates": [ 145.416666666666657, -36.802766666666663 ] } },
{ "type": "Feature", "properties": { "CharName": "Longwood", "code": "LONGWOOD", "country": "AU", "lat": "3648.167S", "lon": "14525.000E", "elev": null, "style": "1", "rwdir": null, "rwlen": null, "freq": null, "desc": "Turn Point", "Lat DM": "-36d 48.167", "Long DM": "145d 25.000" }, "geometry": { "type": "Point", "coordinates": [ 145.416666666666657, -36.802783333333331 ] } },
{ "type": "Feature", "properties": { "CharName": "Longwood A/S", "code": "LONGWODS", "country": "AU", "lat": "3648.917S", "lon": "14528.017E", "elev": "620ft", "style": "2", "rwdir": "130", "rwlen": "1000.0m", "freq": null, "desc": "Turn Point, grass 13/31 1000m", "Lat DM": "-36d 48.917", "Long DM": "145d 28.017" }, "geometry": { "type": "Point", "coordinates": [ 145.46695, -36.815283333333333 ] } },
{ "type": "Feature", "properties": { "CharName": "Longwood oval", "code": "LONGWDVL", "country": "AU", "lat": "3648.283S", "lon": "14525.617E", "elev": "620ft", "style": "1", "rwdir": null, "rwlen": null, "freq": null, "desc": "Turn Point, grandstand", "Lat DM": "-36d 48.283", "Long DM": "145d 25.617" }, "geometry": { "type": "Point", "coordinates": [ 145.42695, -36.804716666666664 ] } },
{ "type": "Feature", "properties": { "CharName": "Longwood Vic", "code": "LONWV", "country": "AU", "lat": "3648.950S", "lon": "14528.017E", "elev": "620ft", "style": "2", "rwdir": "130", "rwlen": "700.0m", "freq": null, "desc": "Airfield, AU-0335, Turn Point", "Lat DM": "-36d 48.950", "Long DM": "145d 28.017" }, "geometry": { "type": "Point", "coordinates": [ 145.46695, -36.81583333333333 ] } },
{ "type": "Feature", "properties": { "CharName": "Lowesdale", "code": "Lowesale", "country": "AU", "lat": "3551.417S", "lon": "14622.175E", "elev": "461ft", "style": "1", "rwdir": null, "rwlen": null, "freq": null, "desc": "#311, Turn Point", "Lat DM": "-35d 51.417", "Long DM": "146d 22.175" }, "geometry": { "type": "Point", "coordinates": [ 146.369583333333338, -35.85695 ] } },
{ "type": "Feature", "properties": { "CharName": "Maindample Strip", "code": "51MAIN", "country": "AU", "lat": "3702.017S", "lon": "14556.183E", "elev": "1066ft", "style": "2", "rwdir": null, "rwlen": null, "freq": null, "desc": "#312, Turn Point", "Lat DM": "-37d 02.017", "Long DM": "145d 56.183" }, "geometry": { "type": "Point", "coordinates": [ 145.936383333333339, -37.033616666666667 ] } },
{ "type": "Feature", "properties": { "CharName": "Mangalore", "code": "55YMNG", "country": "AU", "lat": "3652.983S", "lon": "14511.500E", "elev": "467ft", "style": "5", "rwdir": "36", "rwlen": "2010.0m", "freq": "121.1", "desc": "YMNG, #55, Turn Point", "Lat DM": "-36d 52.983", "Long DM": "145d 11.500" }, "geometry": { "type": "Point", "coordinates": [ 145.191666666666663, -36.88305 ] } },
{ "type": "Feature", "properties": { "CharName": "Mangalore", "code": "MANGA", "country": "AU", "lat": "3653.300S", "lon": "14511.100E", "elev": "469ft", "style": "2", "rwdir": "50", "rwlen": "2020.0m", "freq": "122.4", "desc": "#314, Airport, YMNG, Turn Point", "Lat DM": "-36d 53.300", "Long DM": "145d 11.100" }, "geometry": { "type": "Point", "coordinates": [ 145.185, -36.888333333333335 ] } },
{ "type": "Feature", "properties": { "CharName": "Mangalore A/D", "code": "MANGALOR", "country": "AU", "lat": "3653.317S", "lon": "14511.167E", "elev": "469ft", "style": "5", "rwdir": "50", "rwlen": "2027.0m", "freq": "121.1", "desc": "Turn Point, YMNG, sealed 18/36 05/23", "Lat DM": "-36d 53.317", "Long DM": "145d 11.167" }, "geometry": { "type": "Point", "coordinates": [ 145.186116666666663, -36.888616666666664 ] } },
{ "type": "Feature", "properties": { "CharName": "Mangalore AF", "code": "MANGALRF", "country": "AU", "lat": "3653.300S", "lon": "14511.000E", "elev": "469ft", "style": "2", "rwdir": null, "rwlen": "2018.0m", "freq": "121.1", "desc": "Turn Point, YMNG", "Lat DM": "-36d 53.300", "Long DM": "145d 11.000" }, "geometry": { "type": "Point", "coordinates": [ 145.183333333333337, -36.888333333333335 ] } },
{ "type": "Feature", "properties": { "CharName": "Mangalore Hotel", "code": "MANGHL", "country": "AU", "lat": "3656.300S", "lon": "14510.533E", "elev": "489ft", "style": "1", "rwdir": null, "rwlen": null, "freq": null, "desc": "HOTEL, Turn Point", "Lat DM": "-36d 56.300", "Long DM": "145d 10.533" }, "geometry": { "type": "Point", "coordinates": [ 145.17555, -36.938333333333333 ] } },
{ "type": "Feature", "properties": { "CharName": "Mangalore R/J", "code": "MANGLRRJ", "country": "AU", "lat": "3656.217S", "lon": "14510.567E", "elev": "509ft", "style": "1", "rwdir": null, "rwlen": null, "freq": null, "desc": "Turn Point, rail junction", "Lat DM": "-36d 56.217", "Long DM": "145d 10.567" }, "geometry": { "type": "Point", "coordinates": [ 145.176116666666672, -36.93695 ] } },
{ "type": "Feature", "properties": { "CharName": "MANS", "code": "079MANS", "country": "AU", "lat": "3704.200S", "lon": "14607.133E", "elev": "1093ft", "style": "2", "rwdir": "160", "rwlen": "917.0m", "freq": "126.7", "desc": "YMFD, Mansfield A/D, Turn Point", "Lat DM": "-37d 04.200", "Long DM": "146d 07.133" }, "geometry": { "type": "Point", "coordinates": [ 146.118883333333343, -37.07 ] } },
{ "type": "Feature", "properties": { "CharName": "Mansfield", "code": "MANFD", "country": "AU", "lat": "3704.000S", "lon": "14607.000E", "elev": "1050ft", "style": "2", "rwdir": null, "rwlen": "920.0m", "freq": null, "desc": "#315, Airport, YMFD, Turn Point", "Lat DM": "-37d 04.000", "Long DM": "146d 07.000" }, "geometry": { "type": "Point", "coordinates": [ 146.116666666666674, -37.06666666666667 ] } },
{ "type": "Feature", "properties": { "CharName": "Mansfield", "code": "MANSF", "country": "AU", "lat": "3704.433S", "lon": "14607.250E", "elev": "1109ft", "style": "2", "rwdir": "160", "rwlen": "920.0m", "freq": "126.7", "desc": "Airfield, YMFD, Turn Point", "Lat DM": "-37d 04.433", "Long DM": "146d 07.250" }, "geometry": { "type": "Point", "coordinates": [ 146.120833333333337, -37.073883333333335 ] } },
{ "type": "Feature", "properties": { "CharName": "Mansfield AF", "code": "MANSFLDF", "country": "AU", "lat": "3704.367S", "lon": "14607.217E", "elev": "1099ft", "style": "2", "rwdir": "150", "rwlen": "1530.0m", "freq": "126.7", "desc": "Turn Point, YMFD, grass 15/33 1500m", "Lat DM": "-37d 04.367", "Long DM": "146d 07.217" }, "geometry": { "type": "Point", "coordinates": [ 146.120283333333333, -37.072783333333334 ] } },
{ "type": "Feature", "properties": { "CharName": "Markwood", "code": "MARKWOOD", "country": "AU", "lat": "3628.500S", "lon": "14629.667E", "elev": "554ft", "style": "3", "rwdir": null, "rwlen": null, "freq": null, "desc": "Turn Point, Landable, grass 18/36 940m", "Lat DM": "-36d 28.500", "Long DM": "146d 29.667" }, "geometry": { "type": "Point", "coordinates": [ 146.49445, -36.475 ] } },
{ "type": "Feature", "properties": { "CharName": "MATH", "code": "082MATH", "country": "AU", "lat": "3548.617S", "lon": "14453.783E", "elev": "366ft", "style": "1", "rwdir": null, "rwlen": null, "freq": null, "desc": "Mathoura, Turn Point", "Lat DM": "-35d 48.617", "Long DM": "144d 53.783" }, "geometry": { "type": "Point", "coordinates": [ 144.896383333333347, -35.810283333333331 ] } },
{ "type": "Feature", "properties": { "CharName": "Mathoura", "code": "MATHOURA", "country": "AU", "lat": "3548.633S", "lon": "14453.800E", "elev": "364ft", "style": "1", "rwdir": null, "rwlen": null, "freq": null, "desc": "Turn Point, silo", "Lat DM": "-35d 48.633", "Long DM": "144d 53.800" }, "geometry": { "type": "Point", "coordinates": [ 144.896666666666675, -35.81055 ] } },
{ "type": "Feature", "properties": { "CharName": "Mathoura", "code": "MATHOURA", "country": "AU", "lat": "3541.250S", "lon": "14454.000E", "elev": null, "style": "1", "rwdir": null, "rwlen": null, "freq": null, "desc": "Turn Point", "Lat DM": "-35d 41.250", "Long DM": "144d 54.000" }, "geometry": { "type": "Point", "coordinates": [ 144.9, -35.6875 ] } },
{ "type": "Feature", "properties": { "CharName": "Mathoura", "code": "MATHOU", "country": "AU", "lat": "3548.666S", "lon": "14453.950E", "elev": "305ft", "style": "1", "rwdir": null, "rwlen": null, "freq": null, "desc": "#320, Turn Point", "Lat DM": "-35d 48.666", "Long DM": "144d 53.950" }, "geometry": { "type": "Point", "coordinates": [ 144.899166666666673, -35.8111 ] } },
{ "type": "Feature", "properties": { "CharName": "Mathoura", "code": "58MATH", "country": "AU", "lat": "3548.917S", "lon": "14453.700E", "elev": "364ft", "style": "1", "rwdir": null, "rwlen": null, "freq": null, "desc": "Sports Ground, Turn Point", "Lat DM": "-35d 48.917", "Long DM": "144d 53.700" }, "geometry": { "type": "Point", "coordinates": [ 144.895, -35.815283333333333 ] } },
{ "type": "Feature", "properties": { "CharName": "Mathoura NE", "code": "MathoaNE", "country": "AU", "lat": "3546.633S", "lon": "14455.767E", "elev": "335ft", "style": "1", "rwdir": null, "rwlen": null, "freq": null, "desc": "#321, Turn Point", "Lat DM": "-35d 46.633", "Long DM": "144d 55.767" }, "geometry": { "type": "Point", "coordinates": [ 144.92945, -35.777216666666668 ] } },
{ "type": "Feature", "properties": { "CharName": "Mathowra", "code": "MATHOWRA", "country": "AU", "lat": "3548.667S", "lon": "14453.950E", "elev": "305ft", "style": "1", "rwdir": null, "rwlen": null, "freq": "Turn Point", "desc": null, "Lat DM": "-35d 48.667", "Long DM": "144d 53.950" }, "geometry": { "type": "Point", "coordinates": [ 144.899166666666673, -35.811116666666663 ] } },
{ "type": "Feature", "properties": { "CharName": "Merrijig", "code": "MERRIJIG", "country": "AU", "lat": "3705.567S", "lon": "14615.467E", "elev": "1575ft", "style": "2", "rwdir": "80", "rwlen": "735.0m", "freq": null, "desc": "Turn Point, grass 08/26 735m", "Lat DM": "-37d 05.567", "Long DM": "146d 15.467" }, "geometry": { "type": "Point", "coordinates": [ 146.257783333333322, -37.092783333333337 ] } },
{ "type": "Feature", "properties": { "CharName": "Merton", "code": "MERTON", "country": "AU", "lat": "3658.067S", "lon": "14542.467E", "elev": "1099ft", "style": "2", "rwdir": "120", "rwlen": "600.0m", "freq": null, "desc": "Turn Point, grass 12/30 600m", "Lat DM": "-36d 58.067", "Long DM": "145d 42.467" }, "geometry": { "type": "Point", "coordinates": [ 145.707783333333339, -36.967783333333337 ] } },
{ "type": "Feature", "properties": { "CharName": "Merton", "code": "MERTO", "country": "AU", "lat": "3659.000S", "lon": "14543.000E", "elev": "1050ft", "style": "2", "rwdir": "100", "rwlen": "670.0m", "freq": null, "desc": "#330, Airport, YMEO, Turn Point", "Lat DM": "-36d 59.000", "Long DM": "145d 43.000" }, "geometry": { "type": "Point", "coordinates": [ 145.716666666666669, -36.983333333333334 ] } },
{ "type": "Feature", "properties": { "CharName": "Miepoll*", "code": "LS084", "country": "AU", "lat": "3638.853S", "lon": "14528.185E", "elev": "141.0m", "style": "3", "rwdir": null, "rwlen": null, "freq": null, "desc": "grass 17/35 550mx15m, grass 08/26 600mx15m", "Lat DM": "-36d 38.853", "Long DM": "145d 28.185" }, "geometry": { "type": "Point", "coordinates": [ 145.46975, -36.64755 ] } },
{ "type": "Feature", "properties": { "CharName": "Milawa", "code": "MILAWA", "country": "AU", "lat": "3627.367S", "lon": "14625.983E", "elev": "522ft", "style": "2", "rwdir": "20", "rwlen": "1000.0m", "freq": "125.2", "desc": "Turn Point, YILA, gravel 02/20 1000m", "Lat DM": "-36d 27.367", "Long DM": "146d 25.983" }, "geometry": { "type": "Point", "coordinates": [ 146.43305, -36.456116666666667 ] } },
{ "type": "Feature", "properties": { "CharName": "Milawa", "code": "56MILA", "country": "AU", "lat": "3627.333S", "lon": "14626.000E", "elev": "518ft", "style": "2", "rwdir": null, "rwlen": null, "freq": null, "desc": "#331, A/D, YILA, Turn Point", "Lat DM": "-36d 27.333", "Long DM": "146d 26.000" }, "geometry": { "type": "Point", "coordinates": [ 146.433333333333337, -36.45555 ] } },
{ "type": "Feature", "properties": { "CharName": "Mirimbah", "code": "MIRIMB", "country": "AU", "lat": "3706.733S", "lon": "14623.900E", "elev": "3478ft", "style": "1", "rwdir": null, "rwlen": null, "freq": null, "desc": "#336, Turn Point", "Lat DM": "-37d 06.733", "Long DM": "146d 23.900" }, "geometry": { "type": "Point", "coordinates": [ 146.398333333333341, -37.112216666666669 ] } },
{ "type": "Feature", "properties": { "CharName": "MITA", "code": "088MITA", "country": "AU", "lat": "3630.817S", "lon": "14721.533E", "elev": "860ft", "style": "5", "rwdir": null, "rwlen": null, "freq": "126.7", "desc": "YITT, Mitta Mitta A/F, Turn Point", "Lat DM": "-36d 30.817", "Long DM": "147d 21.533" }, "geometry": { "type": "Point", "coordinates": [ 147.358883333333324, -36.513616666666664 ] } },
{ "type": "Feature", "properties": { "CharName": "Mitta Mitta", "code": "MITTAMTT", "country": "AU", "lat": "3630.833S", "lon": "14721.550E", "elev": "860ft", "style": "2", "rwdir": "140", "rwlen": "913.0m", "freq": "126.7", "desc": "Turn Point, YITT, gravel 14/32 913m", "Lat DM": "-36d 30.833", "Long DM": "147d 21.550" }, "geometry": { "type": "Point", "coordinates": [ 147.359166666666653, -36.513883333333332 ] } },
{ "type": "Feature", "properties": { "CharName": "Mitta Mitta", "code": "MITTAMTT", "country": "AU", "lat": "3630.700S", "lon": "14721.400E", "elev": "820ft", "style": "2", "rwdir": "320", "rwlen": "914.0m", "freq": "126.7", "desc": "Private, Turn Point, YITT, CTAF Private PPR (03) 6072 3632 Mr Kelly", "Lat DM": "-36d 30.700", "Long DM": "147d 21.400" }, "geometry": { "type": "Point", "coordinates": [ 147.356666666666655, -36.511666666666663 ] } },
{ "type": "Feature", "properties": { "CharName": "Mitta Mitta", "code": "57MITA", "country": "AU", "lat": "3630.823S", "lon": "14721.532E", "elev": "860ft", "style": "5", "rwdir": null, "rwlen": null, "freq": "126.7", "desc": "#339, A/F, YITT, Turn Point", "Lat DM": "-36d 30.823", "Long DM": "147d 21.532" }, "geometry": { "type": "Point", "coordinates": [ 147.358866666666671, -36.513716666666667 ] } },
{ "type": "Feature", "properties": { "CharName": "Moori", "code": "087MRL", "country": "AU", "lat": "3636.733S", "lon": "14519.050E", "elev": "405ft", "style": "1", "rwdir": null, "rwlen": null, "freq": null, "desc": "Turn Point, Moorilim", "Lat DM": "-36d 36.733", "Long DM": "145d 19.050" }, "geometry": { "type": "Point", "coordinates": [ 145.3175, -36.612216666666669 ] } },
{ "type": "Feature", "properties": { "CharName": "Moorilim Chop", "code": "MURCHOP", "country": "AU", "lat": "3636.733S", "lon": "14519.017E", "elev": "473ft", "style": "1", "rwdir": null, "rwlen": null, "freq": null, "desc": "#358, Overpass, Turn Point", "Lat DM": "-36d 36.733", "Long DM": "145d 19.017" }, "geometry": { "type": "Point", "coordinates": [ 145.31695, -36.612216666666669 ] } },
{ "type": "Feature", "properties": { "CharName": "Mount Buffalo Ch", "code": "MTBUFCHAL", "country": "AU", "lat": "3643.417S", "lon": "14649.050E", "elev": "4462ft", "style": "1", "rwdir": null, "rwlen": null, "freq": null, "desc": "BUFFALO C, Turn Point", "Lat DM": "-36d 43.417", "Long DM": "146d 49.050" }, "geometry": { "type": "Point", "coordinates": [ 146.8175, -36.723616666666665 ] } },
{ "type": "Feature", "properties": { "CharName": "Mount Buffalo Horn", "code": "MOBUFF", "country": "AU", "lat": "3646.567S", "lon": "14645.683E", "elev": "974ft", "style": "1", "rwdir": null, "rwlen": null, "freq": null, "desc": "The Horn, lookout, Turn Point", "Lat DM": "-36d 46.567", "Long DM": "146d 45.683" }, "geometry": { "type": "Point", "coordinates": [ 146.761383333333328, -36.776116666666667 ] } },
{ "type": "Feature", "properties": { "CharName": "Mount Porepunkah", "code": "MOPORE", "country": "AU", "lat": "3639.467S", "lon": "14657.683E", "elev": "968ft", "style": "1", "rwdir": null, "rwlen": null, "freq": null, "desc": "POREPUNKA, Turn Point", "Lat DM": "-36d 39.467", "Long DM": "146d 57.683" }, "geometry": { "type": "Point", "coordinates": [ 146.961383333333345, -36.657783333333334 ] } },
{ "type": "Feature", "properties": { "CharName": "Moyhu", "code": "MOYHU", "country": "AU", "lat": "3634.700S", "lon": "14622.717E", "elev": "564ft", "style": "1", "rwdir": null, "rwlen": null, "freq": null, "desc": "Turn Point, x-road", "Lat DM": "-36d 34.700", "Long DM": "146d 22.717" }, "geometry": { "type": "Point", "coordinates": [ 146.378616666666659, -36.578333333333333 ] } },
{ "type": "Feature", "properties": { "CharName": "Moyhu", "code": "345MOYHU", "country": "AU", "lat": "3634.750S", "lon": "14623.000E", "elev": "522ft", "style": "1", "rwdir": null, "rwlen": null, "freq": null, "desc": "#345, Xroad, Turn Point", "Lat DM": "-36d 34.750", "Long DM": "146d 23.000" }, "geometry": { "type": "Point", "coordinates": [ 146.383333333333326, -36.579166666666666 ] } },
{ "type": "Feature", "properties": { "CharName": "Moyhu", "code": "MOYHU", "country": "AU", "lat": "3634.783S", "lon": "14622.650E", "elev": null, "style": "1", "rwdir": null, "rwlen": null, "freq": null, "desc": "Turn Point, Water Tower 1000 Km O/R", "Lat DM": "-36d 34.783", "Long DM": "146d 22.650" }, "geometry": { "type": "Point", "coordinates": [ 146.3775, -36.57971666666667 ] } },
{ "type": "Feature", "properties": { "CharName": "Mt Beauty AD", "code": "091MTB", "country": "AU", "lat": "3644.000S", "lon": "14710.167E", "elev": "1099ft", "style": "5", "rwdir": "320", "rwlen": "900.0m", "freq": "126", "desc": "YMBT, Turn Point, 14/23 1600m", "Lat DM": "-36d 44.000", "Long DM": "147d 10.167" }, "geometry": { "type": "Point", "coordinates": [ 147.16945, -36.733333333333334 ] } },
{ "type": "Feature", "properties": { "CharName": "Mt Benambra", "code": "MTBENMBR", "country": "AU", "lat": "3630.617S", "lon": "14734.100E", "elev": "4744ft", "style": "1", "rwdir": null, "rwlen": null, "freq": null, "desc": "Turn Point, summit", "Lat DM": "-36d 30.617", "Long DM": "147d 34.100" }, "geometry": { "type": "Point", "coordinates": [ 147.568333333333328, -36.510283333333334 ] } },
{ "type": "Feature", "properties": { "CharName": "Mt Big Ben", "code": "MTBIGBEN", "country": "AU", "lat": "3624.350S", "lon": "14656.483E", "elev": "3806ft", "style": "1", "rwdir": null, "rwlen": null, "freq": null, "desc": "Turn Point, summit, S of tower", "Lat DM": "-36d 24.350", "Long DM": "146d 56.483" }, "geometry": { "type": "Point", "coordinates": [ 146.941383333333334, -36.405833333333334 ] } },
{ "type": "Feature", "properties": { "CharName": "Mt Bogong West", "code": "MTBGNGW", "country": "AU", "lat": "3644.283S", "lon": "14717.283E", "elev": "6453ft", "style": "1", "rwdir": null, "rwlen": null, "freq": null, "desc": "Turn Point, W end ridge", "Lat DM": "-36d 44.283", "Long DM": "147d 17.283" }, "geometry": { "type": "Point", "coordinates": [ 147.278011937832645, -36.740077873821356 ] } },
{ "type": "Feature", "properties": { "CharName": "Mt Bogong E", "code": "MTBOGONG", "country": "AU", "lat": "3643.900S", "lon": "14718.367E", "elev": "6516ft", "style": "1", "rwdir": null, "rwlen": null, "freq": null, "desc": "Turn Point, Cairn", "Lat DM": "-36d 43.900", "Long DM": "147d 18.367" }, "geometry": { "type": "Point", "coordinates": [ 147.305887417469989, -36.732414909607883 ] } },
{ "type": "Feature", "properties": { "CharName": "Mt Buller", "code": "99MBULL", "country": "AU", "lat": "3708.700S", "lon": "14625.600E", "elev": null, "style": "7", "rwdir": null, "rwlen": null, "freq": null, "desc": "Mountain top, Turn Point", "Lat DM": "-37d 08.700", "Long DM": "146d 25.600" }, "geometry": { "type": "Point", "coordinates": [ 146.426666666666677, -37.145 ] } },
{ "type": "Feature", "properties": { "CharName": "Mt Buller", "code": "349MTBUL", "country": "AU", "lat": "3708.850S", "lon": "14626.967E", "elev": "4678ft", "style": "1", "rwdir": null, "rwlen": null, "freq": null, "desc": "#349, Towers, Turn Point", "Lat DM": "-37d 08.850", "Long DM": "146d 26.967" }, "geometry": { "type": "Point", "coordinates": [ 146.44945, -37.1475 ] } },
{ "type": "Feature", "properties": { "CharName": "Mt Buller summit", "code": "MTBLLRSM", "country": "AU", "lat": "3708.633S", "lon": "14625.600E", "elev": "5827ft", "style": "1", "rwdir": null, "rwlen": null, "freq": null, "desc": "Turn Point, summit", "Lat DM": "-37d 08.633", "Long DM": "146d 25.600" }, "geometry": { "type": "Point", "coordinates": [ 146.426666666666677, -37.143883333333335 ] } },
{ "type": "Feature", "properties": { "CharName": "Mt Burrowa", "code": "MTBURROW", "country": "AU", "lat": "3605.250S", "lon": "14741.883E", "elev": "4206ft", "style": "1", "rwdir": null, "rwlen": null, "freq": null, "desc": "Turn Point, summit", "Lat DM": "-36d 05.250", "Long DM": "147d 41.883" }, "geometry": { "type": "Point", "coordinates": [ 147.69805, -36.0875 ] } },
{ "type": "Feature", "properties": { "CharName": "Mt Cobbler", "code": "MTCOBBLR", "country": "AU", "lat": "3702.567S", "lon": "14635.483E", "elev": "5217ft", "style": "1", "rwdir": null, "rwlen": null, "freq": null, "desc": "Turn Point, summit", "Lat DM": "-37d 02.567", "Long DM": "146d 35.483" }, "geometry": { "type": "Point", "coordinates": [ 146.59138333333334, -37.042783333333333 ] } },
{ "type": "Feature", "properties": { "CharName": "Mt Cooper", "code": "MTCOOPER", "country": "AU", "lat": "3644.383S", "lon": "14732.533E", "elev": "4318ft", "style": "1", "rwdir": null, "rwlen": null, "freq": null, "desc": "Turn Point, summit", "Lat DM": "-36d 44.383", "Long DM": "147d 32.533" }, "geometry": { "type": "Point", "coordinates": [ 147.542216666666661, -36.739716666666666 ] } },
{ "type": "Feature", "properties": { "CharName": "Mt Cudgewa", "code": "MTCUDGEW", "country": "AU", "lat": "3620.100S", "lon": "14732.033E", "elev": "3642ft", "style": "1", "rwdir": null, "rwlen": null, "freq": null, "desc": "Turn Point, summit", "Lat DM": "-36d 20.100", "Long DM": "147d 32.033" }, "geometry": { "type": "Point", "coordinates": [ 147.533883333333335, -36.335 ] } },
{ "type": "Feature", "properties": { "CharName": "Mt Dorchap", "code": "MTDORCHP", "country": "AU", "lat": "3632.183S", "lon": "14717.783E", "elev": "3435ft", "style": "1", "rwdir": null, "rwlen": null, "freq": null, "desc": "Turn Point, summit", "Lat DM": "-36d 32.183", "Long DM": "147d 17.783" }, "geometry": { "type": "Point", "coordinates": [ 147.296383333333324, -36.536383333333333 ] } },
{ "type": "Feature", "properties": { "CharName": "Mt Emu-Buffalo", "code": "MTEMBFFL", "country": "AU", "lat": "3644.417S", "lon": "14634.000E", "elev": "3547ft", "style": "1", "rwdir": null, "rwlen": null, "freq": null, "desc": "Turn Point, summit", "Lat DM": "-36d 44.417", "Long DM": "146d 34.000" }, "geometry": { "type": "Point", "coordinates": [ 146.566666666666663, -36.740283333333331 ] } },
{ "type": "Feature", "properties": { "CharName": "Mt Emu-Kiewa", "code": "MTEMUKIW", "country": "AU", "lat": "3640.267S", "lon": "14713.167E", "elev": "4465ft", "style": "1", "rwdir": null, "rwlen": null, "freq": null, "desc": "Turn Point, summit", "Lat DM": "-36d 40.267", "Long DM": "147d 13.167" }, "geometry": { "type": "Point", "coordinates": [ 147.21945, -36.67111666666667 ] } },
{ "type": "Feature", "properties": { "CharName": "Mt Fainter", "code": "MTFAINTR", "country": "AU", "lat": "3651.217S", "lon": "14711.333E", "elev": "6089ft", "style": "1", "rwdir": null, "rwlen": null, "freq": null, "desc": "Turn Point, north peak", "Lat DM": "-36d 51.217", "Long DM": "147d 11.333" }, "geometry": { "type": "Point", "coordinates": [ 147.188883333333337, -36.853616666666667 ] } },
{ "type": "Feature", "properties": { "CharName": "Mt Feathertop", "code": "MTFTHRTP", "country": "AU", "lat": "3653.650S", "lon": "14708.267E", "elev": "6230ft", "style": "1", "rwdir": null, "rwlen": null, "freq": null, "desc": "Turn Point, summit", "Lat DM": "-36d 53.650", "Long DM": "147d 08.267" }, "geometry": { "type": "Point", "coordinates": [ 147.137783333333346, -36.894166666666663 ] } },
{ "type": "Feature", "properties": { "CharName": "Mt Feathertop", "code": "MOFEAT", "country": "AU", "lat": "3653.683S", "lon": "14708.233E", "elev": "1631ft", "style": "1", "rwdir": null, "rwlen": null, "freq": null, "desc": "#350, Turn Point", "Lat DM": "-36d 53.683", "Long DM": "147d 08.233" }, "geometry": { "type": "Point", "coordinates": [ 147.13721666666666, -36.894716666666667 ] } },
{ "type": "Feature", "properties": { "CharName": "Mt Hotham", "code": "MOUHOT", "country": "AU", "lat": "3658.600S", "lon": "14707.600E", "elev": "1991ft", "style": "1", "rwdir": null, "rwlen": null, "freq": null, "desc": "#352, Turn Point", "Lat DM": "-36d 58.600", "Long DM": "147d 07.600" }, "geometry": { "type": "Point", "coordinates": [ 147.126666666666665, -36.976666666666667 ] } },
{ "type": "Feature", "properties": { "CharName": "Mt Hotham", "code": "MTHOTHAM", "country": "AU", "lat": "3702.900S", "lon": "14720.000E", "elev": "4259ft", "style": "5", "rwdir": "300", "rwlen": "1463.0m", "freq": "126.75", "desc": "Turn Point, YHOT, CTAF Ccts to NE", "Lat DM": "-37d 02.900", "Long DM": "147d 20.000" }, "geometry": { "type": "Point", "coordinates": [ 147.333333333333343, -37.048333333333332 ] } },
{ "type": "Feature", "properties": { "CharName": "Mt Hotham A/D", "code": "MTHOTHAM", "country": "AU", "lat": "3702.933S", "lon": "14720.067E", "elev": "4236ft", "style": "5", "rwdir": "110", "rwlen": "1460.0m", "freq": "126.75", "desc": "Turn Point, YHOT, asphalt 11/29 1460m", "Lat DM": "-37d 02.933", "Long DM": "147d 20.067" }, "geometry": { "type": "Point", "coordinates": [ 147.33445, -37.048883333333336 ] } },
{ "type": "Feature", "properties": { "CharName": "Mt Hotham Austra", "code": "MTHOT", "country": "AU", "lat": "3702.900S", "lon": "14720.050E", "elev": "4262ft", "style": "5", "rwdir": "110", "rwlen": "1440.0m", "freq": "126.75", "desc": "Airfield, YHOT, Turn Point", "Lat DM": "-37d 02.900", "Long DM": "147d 20.050" }, "geometry": { "type": "Point", "coordinates": [ 147.334166666666675, -37.048333333333332 ] } },
{ "type": "Feature", "properties": { "CharName": "Mt Hotham summit", "code": "MTHTHMSM", "country": "AU", "lat": "3658.517S", "lon": "14707.700E", "elev": "6089ft", "style": "1", "rwdir": null, "rwlen": null, "freq": null, "desc": "Turn Point, summit N end resort", "Lat DM": "-36d 58.517", "Long DM": "147d 07.700" }, "geometry": { "type": "Point", "coordinates": [ 147.12833333333333, -36.97528333333333 ] } },
{ "type": "Feature", "properties": { "CharName": "Mt Howitt", "code": "MTHOWITT", "country": "AU", "lat": "3710.483S", "lon": "14639.083E", "elev": "5669ft", "style": "1", "rwdir": null, "rwlen": null, "freq": null, "desc": "Turn Point, summit", "Lat DM": "-37d 10.483", "Long DM": "146d 39.083" }, "geometry": { "type": "Point", "coordinates": [ 146.651383333333342, -37.174716666666669 ] } },
{ "type": "Feature", "properties": { "CharName": "Mt Lockhart", "code": "MTLCKHRT", "country": "AU", "lat": "3623.633S", "lon": "14710.133E", "elev": "3310ft", "style": "1", "rwdir": null, "rwlen": null, "freq": null, "desc": "Turn Point, summit", "Lat DM": "-36d 23.633", "Long DM": "147d 10.133" }, "geometry": { "type": "Point", "coordinates": [ 147.168883333333326, -36.393883333333335 ] } },
{ "type": "Feature", "properties": { "CharName": "Mt McKay", "code": "MT MCKAY", "country": "AU", "lat": "3652.450S", "lon": "14715.350E", "elev": "5843ft", "style": "1", "rwdir": null, "rwlen": null, "freq": null, "desc": "Turn Point, summit behind Falls Creek", "Lat DM": "-36d 52.450", "Long DM": "147d 15.350" }, "geometry": { "type": "Point", "coordinates": [ 147.255833333333328, -36.874166666666667 ] } },
{ "type": "Feature", "properties": { "CharName": "Mt Mittamatite", "code": "MTMTTMTT", "country": "AU", "lat": "3608.917S", "lon": "14752.183E", "elev": "3248ft", "style": "1", "rwdir": null, "rwlen": null, "freq": null, "desc": "Turn Point, summit", "Lat DM": "-36d 08.917", "Long DM": "147d 52.183" }, "geometry": { "type": "Point", "coordinates": [ 147.869716666666676, -36.148616666666669 ] } },
{ "type": "Feature", "properties": { "CharName": "Mt Murray-Vic", "code": "MTMURRVC", "country": "AU", "lat": "3703.983S", "lon": "14659.400E", "elev": "5328ft", "style": "1", "rwdir": null, "rwlen": null, "freq": null, "desc": "Turn Point, summit", "Lat DM": "-37d 03.983", "Long DM": "146d 59.400" }, "geometry": { "type": "Point", "coordinates": [ 146.99, -37.066383333333334 ] } },
{ "type": "Feature", "properties": { "CharName": "Mt Nelse North", "code": "MTNELSEN", "country": "AU", "lat": "3649.917S", "lon": "14720.250E", "elev": "6178ft", "style": "1", "rwdir": null, "rwlen": null, "freq": null, "desc": "Turn Point, north peak", "Lat DM": "-36d 49.917", "Long DM": "147d 20.250" }, "geometry": { "type": "Point", "coordinates": [ 147.3375, -36.83195 ] } },
{ "type": "Feature", "properties": { "CharName": "Mt Porepunkah", "code": "MTPRPNKH", "country": "AU", "lat": "3639.417S", "lon": "14657.750E", "elev": "3858ft", "style": "1", "rwdir": null, "rwlen": null, "freq": null, "desc": "Turn Point, fire tower", "Lat DM": "-36d 39.417", "Long DM": "146d 57.750" }, "geometry": { "type": "Point", "coordinates": [ 146.9625, -36.65695 ] } },
{ "type": "Feature", "properties": { "CharName": "Mt Porepunkah", "code": "MOPORE", "country": "AU", "lat": "3639.466S", "lon": "14657.683E", "elev": "968ft", "style": "1", "rwdir": null, "rwlen": null, "freq": null, "desc": "#354, Turn Point", "Lat DM": "-36d 39.466", "Long DM": "146d 57.683" }, "geometry": { "type": "Point", "coordinates": [ 146.961383333333345, -36.657766666666667 ] } },
{ "type": "Feature", "properties": { "CharName": "Mt Sarah", "code": "MT SARAH", "country": "AU", "lat": "3710.017S", "lon": "14658.017E", "elev": "5118ft", "style": "1", "rwdir": null, "rwlen": null, "freq": null, "desc": "Turn Point, summit, Guy's Hut", "Lat DM": "-37d 10.017", "Long DM": "146d 58.017" }, "geometry": { "type": "Point", "coordinates": [ 146.96695, -37.16695 ] } },
{ "type": "Feature", "properties": { "CharName": "Mt Sassafras", "code": "MTSSSFRS", "country": "AU", "lat": "3635.317S", "lon": "14749.750E", "elev": "5207ft", "style": "1", "rwdir": null, "rwlen": null, "freq": null, "desc": "Turn Point, summit", "Lat DM": "-36d 35.317", "Long DM": "147d 49.750" }, "geometry": { "type": "Point", "coordinates": [ 147.82916666666668, -36.588616666666667 ] } },
{ "type": "Feature", "properties": { "CharName": "Mt Selwyn", "code": "MTSELWYN", "country": "AU", "lat": "3702.617S", "lon": "14653.933E", "elev": "4619ft", "style": "1", "rwdir": null, "rwlen": null, "freq": null, "desc": "Turn Point, summit", "Lat DM": "-37d 02.617", "Long DM": "146d 53.933" }, "geometry": { "type": "Point", "coordinates": [ 146.898883333333345, -37.043616666666665 ] } },
{ "type": "Feature", "properties": { "CharName": "Mt Speculation", "code": "MTSPCLTN", "country": "AU", "lat": "3707.500S", "lon": "14638.650E", "elev": "5433ft", "style": "1", "rwdir": null, "rwlen": null, "freq": null, "desc": "Turn Point, summit", "Lat DM": "-37d 07.500", "Long DM": "146d 38.650" }, "geometry": { "type": "Point", "coordinates": [ 146.644166666666678, -37.125 ] } },
{ "type": "Feature", "properties": { "CharName": "Mt St Bernard", "code": "MTSTBRNR", "country": "AU", "lat": "3700.650S", "lon": "14704.683E", "elev": "4997ft", "style": "1", "rwdir": null, "rwlen": null, "freq": null, "desc": "Turn Point, summit", "Lat DM": "-37d 00.650", "Long DM": "147d 04.683" }, "geometry": { "type": "Point", "coordinates": [ 147.07805, -37.010833333333331 ] } },
{ "type": "Feature", "properties": { "CharName": "Mt Stirling", "code": "MTSTRLNG", "country": "AU", "lat": "3707.700S", "lon": "14629.950E", "elev": "5689ft", "style": "1", "rwdir": null, "rwlen": null, "freq": null, "desc": "Turn Point, summit", "Lat DM": "-37d 07.700", "Long DM": "146d 29.950" }, "geometry": { "type": "Point", "coordinates": [ 146.499166666666667, -37.12833333333333 ] } },
{ "type": "Feature", "properties": { "CharName": "Mt Strathbogie", "code": "MTSTRTHB", "country": "AU", "lat": "3655.533S", "lon": "14555.467E", "elev": "3425ft", "style": "1", "rwdir": null, "rwlen": null, "freq": null, "desc": "Turn Point, summit", "Lat DM": "-36d 55.533", "Long DM": "145d 55.467" }, "geometry": { "type": "Point", "coordinates": [ 145.92445, -36.92555 ] } },
{ "type": "Feature", "properties": { "CharName": "Mt Tabletop", "code": "MTTABLTP", "country": "AU", "lat": "3703.150S", "lon": "14712.567E", "elev": "5262ft", "style": "1", "rwdir": null, "rwlen": null, "freq": null, "desc": "Turn Point, summit", "Lat DM": "-37d 03.150", "Long DM": "147d 12.567" }, "geometry": { "type": "Point", "coordinates": [ 147.20945, -37.0525 ] } },
{ "type": "Feature", "properties": { "CharName": "Mt Tawonga", "code": "MTTAWONG", "country": "AU", "lat": "3633.100S", "lon": "14707.567E", "elev": "4196ft", "style": "1", "rwdir": null, "rwlen": null, "freq": null, "desc": "Turn Point, summit", "Lat DM": "-36d 33.100", "Long DM": "147d 07.567" }, "geometry": { "type": "Point", "coordinates": [ 147.126116666666661, -36.551666666666669 ] } },
{ "type": "Feature", "properties": { "CharName": "Mt Wills", "code": "MT WILLS", "country": "AU", "lat": "3648.700S", "lon": "14728.417E", "elev": "5722ft", "style": "1", "rwdir": null, "rwlen": null, "freq": null, "desc": "Turn Point, summit", "Lat DM": "-36d 48.700", "Long DM": "147d 28.417" }, "geometry": { "type": "Point", "coordinates": [ 147.473616666666658, -36.811666666666667 ] } },
{ "type": "Feature", "properties": { "CharName": "Mt Yorke", "code": "MT YORKE", "country": "AU", "lat": "3637.133S", "lon": "14710.367E", "elev": "4068ft", "style": "1", "rwdir": null, "rwlen": null, "freq": null, "desc": "Turn Point, summit", "Lat DM": "-36d 37.133", "Long DM": "147d 10.367" }, "geometry": { "type": "Point", "coordinates": [ 147.172783333333342, -36.618883333333336 ] } },
{ "type": "Feature", "properties": { "CharName": "Mudgeegonga", "code": "MUDGEGNG", "country": "AU", "lat": "3629.367S", "lon": "14650.267E", "elev": "1030ft", "style": "1", "rwdir": null, "rwlen": null, "freq": null, "desc": "Turn Point, x-road, hamlet", "Lat DM": "-36d 29.367", "Long DM": "146d 50.267" }, "geometry": { "type": "Point", "coordinates": [ 146.837783333333334, -36.48945 ] } },
{ "type": "Feature", "properties": { "CharName": "Mulwala*", "code": "LS457", "country": "AU", "lat": "3556.721S", "lon": "14600.480E", "elev": "127.0m", "style": "3", "rwdir": null, "rwlen": null, "freq": null, "desc": "dirt 09/27 900m 15/40m", "Lat DM": "-35d 56.721", "Long DM": "146d 00.480" }, "geometry": { "type": "Point", "coordinates": [ 146.008, -35.94535 ] } },
{ "type": "Feature", "properties": { "CharName": "Mundaroo", "code": "MUNDA", "country": "AU", "lat": "3551.000S", "lon": "14754.000E", "elev": "886ft", "style": "4", "rwdir": null, "rwlen": null, "freq": null, "desc": "#355, Airport, Turn Point", "Lat DM": "-35d 51.000", "Long DM": "147d 54.000" }, "geometry": { "type": "Point", "coordinates": [ 147.9, -35.85 ] } },
{ "type": "Feature", "properties": { "CharName": "Mundaroo Gld", "code": "MUNDA", "country": "AU", "lat": "3551.917S", "lon": "14753.550E", "elev": "1909ft", "style": "4", "rwdir": "170", "rwlen": "2887ft", "freq": null, "desc": "Gliderside", "Lat DM": "-35d 51.917", "Long DM": "147d 53.550" }, "geometry": { "type": "Point", "coordinates": [ 147.8925, -35.865283333333331 ] } },
{ "type": "Feature", "properties": { "CharName": "Munderoo", "code": "MUNDEROO", "country": "AU", "lat": "3550.350S", "lon": "14752.500E", "elev": "1804ft", "style": "1", "rwdir": null, "rwlen": null, "freq": null, "desc": "Turn Point, T-junction", "Lat DM": "-35d 50.350", "Long DM": "147d 52.500" }, "geometry": { "type": "Point", "coordinates": [ 147.875, -35.839166666666664 ] } },
{ "type": "Feature", "properties": { "CharName": "Murchison", "code": "62MURC", "country": "AU", "lat": "3636.717S", "lon": "14514.717E", "elev": "404ft", "style": "1", "rwdir": null, "rwlen": null, "freq": null, "desc": "Silo, Turn Point", "Lat DM": "-36d 36.717", "Long DM": "145d 14.717" }, "geometry": { "type": "Point", "coordinates": [ 145.245283333333333, -36.61195 ] } },
{ "type": "Feature", "properties": { "CharName": "Murchison East", "code": "MURCHISN", "country": "AU", "lat": "3636.667S", "lon": "14514.450E", "elev": "407ft", "style": "1", "rwdir": null, "rwlen": null, "freq": null, "desc": "Turn Point, silo (2 large)", "Lat DM": "-36d 36.667", "Long DM": "145d 14.450" }, "geometry": { "type": "Point", "coordinates": [ 145.240833333333342, -36.611116666666668 ] } },
{ "type": "Feature", "properties": { "CharName": "Murchison East", "code": "357MURCE", "country": "AU", "lat": "3636.817S", "lon": "14514.450E", "elev": "400ft", "style": "1", "rwdir": null, "rwlen": null, "freq": null, "desc": "#357, Silo, Turn Point", "Lat DM": "-36d 36.817", "Long DM": "145d 14.450" }, "geometry": { "type": "Point", "coordinates": [ 145.240833333333342, -36.613616666666665 ] } },
{ "type": "Feature", "properties": { "CharName": "N1", "code": "N1", "country": "AU", "lat": "3628.500S", "lon": "14558.333E", "elev": "571ft", "style": "1", "rwdir": null, "rwlen": null, "freq": "Start Point", "desc": null, "Lat DM": "-36d 28.500", "Long DM": "145d 58.333" }, "geometry": { "type": "Point", "coordinates": [ 145.972216666666668, -36.475 ] } },
{ "type": "Feature", "properties": { "CharName": "N2", "code": "N2", "country": "AU", "lat": "3626.533S", "lon": "14600.600E", "elev": "499ft", "style": "1", "rwdir": null, "rwlen": null, "freq": "Start Point", "desc": null, "Lat DM": "-36d 26.533", "Long DM": "146d 00.600" }, "geometry": { "type": "Point", "coordinates": [ 146.01, -36.442216666666667 ] } },
{ "type": "Feature", "properties": { "CharName": "Nagambie", "code": "64NAGA", "country": "AU", "lat": "3647.617S", "lon": "14509.150E", "elev": "453ft", "style": "17", "rwdir": null, "rwlen": null, "freq": null, "desc": "#64, Turn Point", "Lat DM": "-36d 47.617", "Long DM": "145d 09.150" }, "geometry": { "type": "Point", "coordinates": [ 145.1525, -36.793616666666665 ] } },
{ "type": "Feature", "properties": { "CharName": "Nagambie", "code": "NAGAMBIE", "country": "AU", "lat": "3644.217S", "lon": "14507.567E", "elev": "417ft", "style": "2", "rwdir": "20", "rwlen": "1100.0m", "freq": "121.1", "desc": "Turn Point, YNGB, grass 02/20 1100m", "Lat DM": "-36d 44.217", "Long DM": "145d 07.567" }, "geometry": { "type": "Point", "coordinates": [ 145.126116666666661, -36.73695 ] } },
{ "type": "Feature", "properties": { "CharName": "Nagambie", "code": "NAGAMB", "country": "AU", "lat": "3647.616S", "lon": "14509.150E", "elev": "453ft", "style": "1", "rwdir": null, "rwlen": null, "freq": null, "desc": "#362, Road junction, Turn Point", "Lat DM": "-36d 47.616", "Long DM": "145d 09.150" }, "geometry": { "type": "Point", "coordinates": [ 145.1525, -36.7936 ] } },
{ "type": "Feature", "properties": { "CharName": "Nalin", "code": "092NLG", "country": "AU", "lat": "3624.950S", "lon": "14542.617E", "elev": "514ft", "style": "1", "rwdir": null, "rwlen": null, "freq": null, "desc": "Turn Point, Nalinga", "Lat DM": "-36d 24.950", "Long DM": "145d 42.617" }, "geometry": { "type": "Point", "coordinates": [ 145.710283333333336, -36.415833333333332 ] } },
{ "type": "Feature", "properties": { "CharName": "Nalinga", "code": "363NALIN", "country": "AU", "lat": "3625.422S", "lon": "14543.409E", "elev": "470ft", "style": "1", "rwdir": null, "rwlen": null, "freq": null, "desc": "#363, Turn Point", "Lat DM": "-36d 25.422", "Long DM": "145d 43.409" }, "geometry": { "type": "Point", "coordinates": [ 145.72348333333332, -36.4237 ] } },
{ "type": "Feature", "properties": { "CharName": "Natha", "code": "096NRA", "country": "AU", "lat": "3604.033S", "lon": "14512.383E", "elev": "337ft", "style": "1", "rwdir": null, "rwlen": null, "freq": null, "desc": "Turn Point, Nathalia", "Lat DM": "-36d 04.033", "Long DM": "145d 12.383" }, "geometry": { "type": "Point", "coordinates": [ 145.206383333333321, -36.067216666666667 ] } },
{ "type": "Feature", "properties": { "CharName": "Nathalia", "code": "NATHALIA", "country": "AU", "lat": "3603.000S", "lon": "14512.300E", "elev": "335ft", "style": "1", "rwdir": null, "rwlen": null, "freq": null, "desc": "Turn Point, silos 2 large white N end town", "Lat DM": "-36d 03.000", "Long DM": "145d 12.300" }, "geometry": { "type": "Point", "coordinates": [ 145.205, -36.05 ] } },
{ "type": "Feature", "properties": { "CharName": "Nathalia", "code": "096NTHL", "country": "AU", "lat": "3603.417S", "lon": "14512.233E", "elev": "340ft", "style": "1", "rwdir": null, "rwlen": null, "freq": null, "desc": "Turn Point", "Lat DM": "-36d 03.417", "Long DM": "145d 12.233" }, "geometry": { "type": "Point", "coordinates": [ 145.203883333333323, -36.05695 ] } },
{ "type": "Feature", "properties": { "CharName": "Nathalia", "code": "NATHAL", "country": "AU", "lat": "3603.367S", "lon": "14512.217E", "elev": "354ft", "style": "1", "rwdir": null, "rwlen": null, "freq": null, "desc": "Turn Point", "Lat DM": "-36d 03.367", "Long DM": "145d 12.217" }, "geometry": { "type": "Point", "coordinates": [ 145.203616666666676, -36.056116666666668 ] } },
{ "type": "Feature", "properties": { "CharName": "Nathalia", "code": "Nathalia", "country": "AU", "lat": "3603.462S", "lon": "14512.440E", "elev": "342ft", "style": "1", "rwdir": null, "rwlen": null, "freq": null, "desc": "#368, Turn Point", "Lat DM": "-36d 03.462", "Long DM": "145d 12.440" }, "geometry": { "type": "Point", "coordinates": [ 145.207333333333338, -36.0577 ] } },
{ "type": "Feature", "properties": { "CharName": "Nillahcootie", "code": "NILLAHCT", "country": "AU", "lat": "3651.283S", "lon": "14600.517E", "elev": "876ft", "style": "1", "rwdir": null, "rwlen": null, "freq": null, "desc": "Turn Point, dam (slipway)", "Lat DM": "-36d 51.283", "Long DM": "146d 00.517" }, "geometry": { "type": "Point", "coordinates": [ 146.008616666666654, -36.854716666666668 ] } },
{ "type": "Feature", "properties": { "CharName": "Nillahcootie", "code": "370NILLA", "country": "AU", "lat": "3651.317S", "lon": "14600.450E", "elev": "860ft", "style": "1", "rwdir": null, "rwlen": null, "freq": null, "desc": "#370, Dam, Turn Point", "Lat DM": "-36d 51.317", "Long DM": "146d 00.450" }, "geometry": { "type": "Point", "coordinates": [ 146.0075, -36.855283333333333 ] } },
{ "type": "Feature", "properties": { "CharName": "NMUK", "code": "098NMUK", "country": "AU", "lat": "3605.650S", "lon": "14526.517E", "elev": "363ft", "style": "1", "rwdir": null, "rwlen": null, "freq": null, "desc": "Numurkah Bridge, Turn Point", "Lat DM": "-36d 05.650", "Long DM": "145d 26.517" }, "geometry": { "type": "Point", "coordinates": [ 145.44195, -36.094166666666666 ] } },
{ "type": "Feature", "properties": { "CharName": "Numerkah", "code": "NUMERKAH", "country": "AU", "lat": "3605.600S", "lon": "14526.233E", "elev": "358ft", "style": "1", "rwdir": null, "rwlen": null, "freq": null, "desc": "Turn Point, silo/tanks (S, 1 large 4 small)", "Lat DM": "-36d 05.600", "Long DM": "145d 26.233" }, "geometry": { "type": "Point", "coordinates": [ 145.437216666666671, -36.093333333333334 ] } },
{ "type": "Feature", "properties": { "CharName": "Numerkah", "code": "374NUMUR", "country": "AU", "lat": "3605.650S", "lon": "14526.516E", "elev": "363ft", "style": "1", "rwdir": null, "rwlen": null, "freq": null, "desc": "#374, Bridge, Turn Point", "Lat DM": "-36d 05.650", "Long DM": "145d 26.516" }, "geometry": { "type": "Point", "coordinates": [ 145.441933333333338, -36.094166666666666 ] } },
{ "type": "Feature", "properties": { "CharName": "Numurkah", "code": "NUMURK", "country": "AU", "lat": "3605.600S", "lon": "14526.267E", "elev": "377ft", "style": "1", "rwdir": null, "rwlen": null, "freq": null, "desc": "Turn Point", "Lat DM": "-36d 05.600", "Long DM": "145d 26.267" }, "geometry": { "type": "Point", "coordinates": [ 145.437783333333329, -36.093333333333334 ] } },
{ "type": "Feature", "properties": { "CharName": "Oil Tree Lagoon", "code": "OILTRLGN", "country": "AU", "lat": "3549.517S", "lon": "14629.550E", "elev": "449ft", "style": "1", "rwdir": null, "rwlen": null, "freq": null, "desc": "Turn Point, center lagoon", "Lat DM": "-35d 49.517", "Long DM": "146d 29.550" }, "geometry": { "type": "Point", "coordinates": [ 146.4925, -35.825283333333331 ] } },
{ "type": "Feature", "properties": { "CharName": "Oil Tree Lagoon", "code": "OILTRE", "country": "AU", "lat": "3549.333S", "lon": "14629.000E", "elev": "486ft", "style": "1", "rwdir": null, "rwlen": null, "freq": null, "desc": "#378, Turn Point", "Lat DM": "-35d 49.333", "Long DM": "146d 29.000" }, "geometry": { "type": "Point", "coordinates": [ 146.48333333333332, -35.822216666666669 ] } },
{ "type": "Feature", "properties": { "CharName": "Omeo", "code": "OMEO2", "country": "AU", "lat": "3706.233S", "lon": "14735.950E", "elev": "2336ft", "style": "2", "rwdir": "180", "rwlen": "600.0m", "freq": null, "desc": "Airfield, YOMO, Turn Point", "Lat DM": "-37d 06.233", "Long DM": "147d 35.950" }, "geometry": { "type": "Point", "coordinates": [ 147.599166666666662, -37.103883333333336 ] } },
{ "type": "Feature", "properties": { "CharName": "Omeo A/F", "code": "OMEO A-F", "country": "AU", "lat": "3706.400S", "lon": "14736.400E", "elev": "2287ft", "style": "3", "rwdir": null, "rwlen": null, "freq": null, "desc": "Turn Point, Landable, YOMO, grass 13/31 600m", "Lat DM": "-37d 06.400", "Long DM": "147d 36.400" }, "geometry": { "type": "Point", "coordinates": [ 147.606666666666655, -37.106666666666669 ] } },
{ "type": "Feature", "properties": { "CharName": "Omeo AP", "code": "OMEO", "country": "AU", "lat": "3706.000S", "lon": "14737.000E", "elev": "2999ft", "style": "2", "rwdir": "180", "rwlen": "600.0m", "freq": null, "desc": "#380, Airport, YOMO, Turn Point", "Lat DM": "-37d 06.000", "Long DM": "147d 37.000" }, "geometry": { "type": "Point", "coordinates": [ 147.616666666666674, -37.1 ] } },
{ "type": "Feature", "properties": { "CharName": "Ovens", "code": "OVENS0", "country": "AU", "lat": "3635.350S", "lon": "14645.617E", "elev": "1014ft", "style": "1", "rwdir": null, "rwlen": null, "freq": null, "desc": "Turn Point", "Lat DM": "-36d 35.350", "Long DM": "146d 45.617" }, "geometry": { "type": "Point", "coordinates": [ 146.760283333333319, -36.589166666666664 ] } },
{ "type": "Feature", "properties": { "CharName": "Ovens R/J", "code": "OVENS RJ", "country": "AU", "lat": "3635.300S", "lon": "14645.700E", "elev": "741ft", "style": "1", "rwdir": null, "rwlen": null, "freq": null, "desc": "Turn Point, Roadhouse", "Lat DM": "-36d 35.300", "Long DM": "146d 45.700" }, "geometry": { "type": "Point", "coordinates": [ 146.761666666666656, -36.588333333333331 ] } },
{ "type": "Feature", "properties": { "CharName": "Ovens R/J", "code": "OVENS", "country": "AU", "lat": "3635.350S", "lon": "14645.616E", "elev": "1014ft", "style": "1", "rwdir": null, "rwlen": null, "freq": null, "desc": "#383, Turn Point", "Lat DM": "-36d 35.350", "Long DM": "146d 45.616" }, "geometry": { "type": "Point", "coordinates": [ 146.760266666666666, -36.589166666666664 ] } },
{ "type": "Feature", "properties": { "CharName": "Oxley - Vic", "code": "OXLEYVIC", "country": "AU", "lat": "3626.633S", "lon": "14623.350E", "elev": "509ft", "style": "1", "rwdir": null, "rwlen": null, "freq": null, "desc": "Turn Point, x-roads E end town", "Lat DM": "-36d 26.633", "Long DM": "146d 23.350" }, "geometry": { "type": "Point", "coordinates": [ 146.389166666666654, -36.443883333333332 ] } },
{ "type": "Feature", "properties": { "CharName": "Peech", "code": "103PEE", "country": "AU", "lat": "3611.467S", "lon": "14614.367E", "elev": "500ft", "style": "1", "rwdir": null, "rwlen": null, "freq": null, "desc": "Turn Point, Peechelba", "Lat DM": "-36d 11.467", "Long DM": "146d 14.367" }, "geometry": { "type": "Point", "coordinates": [ 146.23945, -36.191116666666666 ] } },
{ "type": "Feature", "properties": { "CharName": "Peechelba", "code": "107PEB", "country": "AU", "lat": "3611.467S", "lon": "14613.883E", "elev": "481ft", "style": "1", "rwdir": null, "rwlen": null, "freq": null, "desc": "Turn Point, town centre", "Lat DM": "-36d 11.467", "Long DM": "146d 13.883" }, "geometry": { "type": "Point", "coordinates": [ 146.231383333333326, -36.191116666666666 ] } },
{ "type": "Feature", "properties": { "CharName": "Peechelba", "code": "Peachlba", "country": "AU", "lat": "3611.867S", "lon": "14613.900E", "elev": "486ft", "style": "1", "rwdir": null, "rwlen": null, "freq": null, "desc": "#387, Turn Point", "Lat DM": "-36d 11.867", "Long DM": "146d 13.900" }, "geometry": { "type": "Point", "coordinates": [ 146.231666666666655, -36.197783333333334 ] } },
{ "type": "Feature", "properties": { "CharName": "Peechelba East", "code": "PEECHELB", "country": "AU", "lat": "3610.017S", "lon": "14615.433E", "elev": "466ft", "style": "1", "rwdir": null, "rwlen": null, "freq": null, "desc": "Turn Point, silo", "Lat DM": "-36d 10.017", "Long DM": "146d 15.433" }, "geometry": { "type": "Point", "coordinates": [ 146.257216666666665, -36.16695 ] } },
{ "type": "Feature", "properties": { "CharName": "Peechelba East", "code": "PEECHE", "country": "AU", "lat": "3610.100S", "lon": "14615.283E", "elev": "459ft", "style": "1", "rwdir": null, "rwlen": null, "freq": null, "desc": "#388, Silo, Turn Point", "Lat DM": "-36d 10.100", "Long DM": "146d 15.283" }, "geometry": { "type": "Point", "coordinates": [ 146.254716666666667, -36.168333333333337 ] } },
{ "type": "Feature", "properties": { "CharName": "Peechelba T", "code": "PEECHLBT", "country": "AU", "lat": "3611.450S", "lon": "14613.900E", "elev": "472ft", "style": "1", "rwdir": null, "rwlen": null, "freq": null, "desc": "Turn Point, T-junction in town", "Lat DM": "-36d 11.450", "Long DM": "146d 13.900" }, "geometry": { "type": "Point", "coordinates": [ 146.231666666666655, -36.19083333333333 ] } },
{ "type": "Feature", "properties": { "CharName": "Picola", "code": "PICOLA", "country": "AU", "lat": "3559.967S", "lon": "14506.733E", "elev": "328ft", "style": "1", "rwdir": null, "rwlen": null, "freq": null, "desc": "Turn Point, silo", "Lat DM": "-35d 59.967", "Long DM": "145d 06.733" }, "geometry": { "type": "Point", "coordinates": [ 145.112216666666654, -35.99945 ] } },
{ "type": "Feature", "properties": { "CharName": "Picola", "code": "105PCLA", "country": "AU", "lat": "3559.950S", "lon": "14506.700E", "elev": "328ft", "style": "1", "rwdir": null, "rwlen": null, "freq": null, "desc": "Turn Point", "Lat DM": "-35d 59.950", "Long DM": "145d 06.700" }, "geometry": { "type": "Point", "coordinates": [ 145.111666666666679, -35.999166666666667 ] } },
{ "type": "Feature", "properties": { "CharName": "Picola 51K", "code": "PICOL51K", "country": "AU", "lat": "3600.517S", "lon": "14505.683E", "elev": "325ft", "style": "1", "rwdir": null, "rwlen": null, "freq": null, "desc": "#390, ed, Turn Point", "Lat DM": "-36d 00.517", "Long DM": "145d 05.683" }, "geometry": { "type": "Point", "coordinates": [ 145.09471666666667, -36.008616666666668 ] } },
{ "type": "Feature", "properties": { "CharName": "Piries*", "code": "LS078", "country": "AU", "lat": "3709.236S", "lon": "14608.610E", "elev": "348.0m", "style": "2", "rwdir": null, "rwlen": null, "freq": null, "desc": "grass 11/29 930mx17/45m", "Lat DM": "-37d 09.236", "Long DM": "146d 08.610" }, "geometry": { "type": "Point", "coordinates": [ 146.1435, -37.153933333333335 ] } },
{ "type": "Feature", "properties": { "CharName": "Porepunkah Af", "code": "POREP", "country": "AU", "lat": "3643.067S", "lon": "14653.400E", "elev": "951ft", "style": "2", "rwdir": "180", "rwlen": "840m", "freq": "126", "desc": "Airport YPOK", "Lat DM": "-36d 43.067", "Long DM": "146d 53.400" }, "geometry": { "type": "Point", "coordinates": [ 146.89, -36.717783333333337 ] } },
{ "type": "Feature", "properties": { "CharName": "Puckapunyal", "code": "PUCKA", "country": "AU", "lat": "3659.867S", "lon": "14503.883E", "elev": "551ft", "style": "5", "rwdir": "30", "rwlen": "800.0m", "freq": "121.1", "desc": "Airfield, YPKL, Turn Point", "Lat DM": "-36d 59.867", "Long DM": "145d 03.883" }, "geometry": { "type": "Point", "coordinates": [ 145.064716666666669, -36.997783333333331 ] } },
{ "type": "Feature", "properties": { "CharName": "Puckapunyal A/D", "code": "PUCKAPNL", "country": "AU", "lat": "3659.850S", "lon": "14503.867E", "elev": "548ft", "style": "5", "rwdir": "30", "rwlen": "750.0m", "freq": "121.1", "desc": "Turn Point, YPKL, sealed 03/21 750m", "Lat DM": "-36d 59.850", "Long DM": "145d 03.867" }, "geometry": { "type": "Point", "coordinates": [ 145.06445, -36.9975 ] } },
{ "type": "Feature", "properties": { "CharName": "Red Bluff", "code": "REDBLUFF", "country": "AU", "lat": "3615.450S", "lon": "14704.533E", "elev": "732ft", "style": "1", "rwdir": null, "rwlen": null, "freq": null, "desc": "Turn Point, T-junction", "Lat DM": "-36d 15.450", "Long DM": "147d 04.533" }, "geometry": { "type": "Point", "coordinates": [ 147.07555, -36.2575 ] } },
{ "type": "Feature", "properties": { "CharName": "Renni", "code": "111RNE", "country": "AU", "lat": "3549.017S", "lon": "14607.850E", "elev": "434ft", "style": "1", "rwdir": null, "rwlen": null, "freq": null, "desc": "Turn Point, Rennie", "Lat DM": "-35d 49.017", "Long DM": "146d 07.850" }, "geometry": { "type": "Point", "coordinates": [ 146.130833333333328, -35.81695 ] } },
{ "type": "Feature", "properties": { "CharName": "Rennie", "code": "RENNIE", "country": "AU", "lat": "3548.517S", "lon": "14608.017E", "elev": "430ft", "style": "1", "rwdir": null, "rwlen": null, "freq": null, "desc": "Turn Point, silo", "Lat DM": "-35d 48.517", "Long DM": "146d 08.017" }, "geometry": { "type": "Point", "coordinates": [ 146.133616666666654, -35.808616666666666 ] } },
{ "type": "Feature", "properties": { "CharName": "Rennie", "code": "RENNIE", "country": "AU", "lat": "3548.000S", "lon": "14607.933E", "elev": null, "style": "1", "rwdir": null, "rwlen": null, "freq": null, "desc": "Turn Point, Silo", "Lat DM": "-35d 48.000", "Long DM": "146d 07.933" }, "geometry": { "type": "Point", "coordinates": [ 146.132216666666665, -35.8 ] } },
{ "type": "Feature", "properties": { "CharName": "Rennie", "code": "401RENNI", "country": "AU", "lat": "3548.533S", "lon": "14607.950E", "elev": "400ft", "style": "1", "rwdir": null, "rwlen": null, "freq": null, "desc": "#401, Silo, Turn Point", "Lat DM": "-35d 48.533", "Long DM": "146d 07.950" }, "geometry": { "type": "Point", "coordinates": [ 146.1325, -35.808883333333334 ] } },
{ "type": "Feature", "properties": { "CharName": "Rennie", "code": "114REN", "country": "AU", "lat": "3548.867S", "lon": "14608.067E", "elev": "432ft", "style": "1", "rwdir": null, "rwlen": null, "freq": null, "desc": "Turn Point, Oval", "Lat DM": "-35d 48.867", "Long DM": "146d 08.067" }, "geometry": { "type": "Point", "coordinates": [ 146.13445, -35.81445 ] } },
{ "type": "Feature", "properties": { "CharName": "Rennie", "code": "RENNIE", "country": "AU", "lat": "3549.267S", "lon": "14608.283E", "elev": "426.5ft", "style": "1", "rwdir": null, "rwlen": null, "freq": null, "desc": "Turn Point", "Lat DM": "-35d 49.267", "Long DM": "146d 08.283" }, "geometry": { "type": "Point", "coordinates": [ 146.13805, -35.821116666666668 ] } },
{ "type": "Feature", "properties": { "CharName": "Rigoni's", "code": "RIGONI", "country": "AU", "lat": "3642.759S", "lon": "14710.627E", "elev": "354.0m", "style": "3", "rwdir": null, "rwlen": null, "freq": "126", "desc": "grass 11/29 980mx50m", "Lat DM": "-36d 42.759", "Long DM": "147d 10.627" }, "geometry": { "type": "Point", "coordinates": [ 147.177116666666677, -36.71265 ] } },
{ "type": "Feature", "properties": { "CharName": "Rosewhite", "code": "ROSEWHIT", "country": "AU", "lat": "3635.883S", "lon": "14650.783E", "elev": "1184ft", "style": "2", "rwdir": "40", "rwlen": "680.0m", "freq": null, "desc": "Turn Point, grass 04/22 680m CFA strip", "Lat DM": "-36d 35.883", "Long DM": "146d 50.783" }, "geometry": { "type": "Point", "coordinates": [ 146.846383333333335, -36.59805 ] } },
{ "type": "Feature", "properties": { "CharName": "Ruffy", "code": "Ruffy", "country": "AU", "lat": "3658.698S", "lon": "14530.128E", "elev": "1617ft", "style": "1", "rwdir": null, "rwlen": null, "freq": null, "desc": "#406, Turn Point", "Lat DM": "-36d 58.698", "Long DM": "145d 30.128" }, "geometry": { "type": "Point", "coordinates": [ 145.502133333333347, -36.9783 ] } },
{ "type": "Feature", "properties": { "CharName": "Running Creek", "code": "RNNNGCRK", "country": "AU", "lat": "3632.000S", "lon": "14703.033E", "elev": "830ft", "style": "1", "rwdir": null, "rwlen": null, "freq": null, "desc": "Turn Point, small town", "Lat DM": "-36d 32.000", "Long DM": "147d 03.033" }, "geometry": { "type": "Point", "coordinates": [ 147.05055, -36.533333333333331 ] } },
{ "type": "Feature", "properties": { "CharName": "Running Creek*", "code": "LS075", "country": "AU", "lat": "3630.615S", "lon": "14703.979E", "elev": "253.0m", "style": "3", "rwdir": null, "rwlen": null, "freq": null, "desc": "grass 17/36 600mx18/42m", "Lat DM": "-36d 30.615", "Long DM": "147d 03.979" }, "geometry": { "type": "Point", "coordinates": [ 147.066316666666665, -36.51025 ] } },
{ "type": "Feature", "properties": { "CharName": "Rushworth", "code": "RUSHWRTH", "country": "AU", "lat": "3635.250S", "lon": "14501.250E", "elev": "479ft", "style": "1", "rwdir": null, "rwlen": null, "freq": null, "desc": "Turn Point, silos 2 large white", "Lat DM": "-36d 35.250", "Long DM": "145d 01.250" }, "geometry": { "type": "Point", "coordinates": [ 145.020833333333343, -36.5875 ] } },
{ "type": "Feature", "properties": { "CharName": "Rushworth", "code": "RUSHWO", "country": "AU", "lat": "3635.216S", "lon": "14501.200E", "elev": "397ft", "style": "1", "rwdir": null, "rwlen": null, "freq": null, "desc": "#407, Rail crossing, Turn Point", "Lat DM": "-36d 35.216", "Long DM": "145d 01.200" }, "geometry": { "type": "Point", "coordinates": [ 145.02, -36.586933333333334 ] } },
{ "type": "Feature", "properties": { "CharName": "Rushworth", "code": "79RUSH", "country": "AU", "lat": "3635.217S", "lon": "14501.200E", "elev": "397ft", "style": "1", "rwdir": null, "rwlen": null, "freq": null, "desc": "Rail Xing, Turn Point", "Lat DM": "-36d 35.217", "Long DM": "145d 01.200" }, "geometry": { "type": "Point", "coordinates": [ 145.02, -36.58695 ] } },
{ "type": "Feature", "properties": { "CharName": "Rutherglen", "code": "RUTHRGLN", "country": "AU", "lat": "3603.267S", "lon": "14627.800E", "elev": "564ft", "style": "1", "rwdir": null, "rwlen": null, "freq": null, "desc": "Turn Point, silo", "Lat DM": "-36d 03.267", "Long DM": "146d 27.800" }, "geometry": { "type": "Point", "coordinates": [ 146.463333333333338, -36.05445 ] } },
{ "type": "Feature", "properties": { "CharName": "Rutherglen", "code": "RUTHER", "country": "AU", "lat": "3603.917S", "lon": "14627.667E", "elev": "551ft", "style": "1", "rwdir": null, "rwlen": null, "freq": null, "desc": "#408, Railway junction, Turn Point", "Lat DM": "-36d 03.917", "Long DM": "146d 27.667" }, "geometry": { "type": "Point", "coordinates": [ 146.461116666666669, -36.065283333333333 ] } },
{ "type": "Feature", "properties": { "CharName": "Rutherglen*", "code": "LS458", "country": "AU", "lat": "3601.757S", "lon": "14632.214E", "elev": "153.0m", "style": "3", "rwdir": null, "rwlen": null, "freq": null, "desc": "grass 09/27 1150m 28m", "Lat DM": "-36d 01.757", "Long DM": "146d 32.214" }, "geometry": { "type": "Point", "coordinates": [ 146.5369, -36.029283333333332 ] } },
{ "type": "Feature", "properties": { "CharName": "S1", "code": "S1", "country": "AU", "lat": "3635.250S", "lon": "14600.283E", "elev": "561ft", "style": "1", "rwdir": null, "rwlen": null, "freq": "Start Point", "desc": null, "Lat DM": "-36d 35.250", "Long DM": "146d 00.283" }, "geometry": { "type": "Point", "coordinates": [ 146.004716666666667, -36.5875 ] } },
{ "type": "Feature", "properties": { "CharName": "S2", "code": "S2", "country": "AU", "lat": "3635.850S", "lon": "14604.517E", "elev": "551ft", "style": "1", "rwdir": null, "rwlen": null, "freq": "Start Point", "desc": null, "Lat DM": "-36d 35.850", "Long DM": "146d 04.517" }, "geometry": { "type": "Point", "coordinates": [ 146.075283333333346, -36.5975 ] } },
{ "type": "Feature", "properties": { "CharName": "S3", "code": "S3", "country": "AU", "lat": "3634.583S", "lon": "14608.200E", "elev": "894ft", "style": "1", "rwdir": null, "rwlen": null, "freq": "Start Point", "desc": null, "Lat DM": "-36d 34.583", "Long DM": "146d 08.200" }, "geometry": { "type": "Point", "coordinates": [ 146.136666666666656, -36.576383333333332 ] } },
{ "type": "Feature", "properties": { "CharName": "Sangar", "code": "SANGAR", "country": "AU", "lat": "3542.217S", "lon": "14609.900E", "elev": "420ft", "style": "1", "rwdir": null, "rwlen": null, "freq": null, "desc": "Turn Point, silo", "Lat DM": "-35d 42.217", "Long DM": "146d 09.900" }, "geometry": { "type": "Point", "coordinates": [ 146.165, -35.703616666666669 ] } },
{ "type": "Feature", "properties": { "CharName": "Savernake", "code": "SAVERNAK", "country": "AU", "lat": "3544.317S", "lon": "14603.267E", "elev": "417ft", "style": "1", "rwdir": null, "rwlen": null, "freq": null, "desc": "Turn Point, x-roads", "Lat DM": "-35d 44.317", "Long DM": "146d 03.267" }, "geometry": { "type": "Point", "coordinates": [ 146.05445, -35.738616666666665 ] } },
{ "type": "Feature", "properties": { "CharName": "Savernake Church", "code": "SVRNKCHR", "country": "AU", "lat": "3539.183S", "lon": "14603.000E", "elev": null, "style": "1", "rwdir": null, "rwlen": null, "freq": null, "desc": "Turn Point", "Lat DM": "-35d 39.183", "Long DM": "146d 03.000" }, "geometry": { "type": "Point", "coordinates": [ 146.05, -35.65305 ] } },
{ "type": "Feature", "properties": { "CharName": "Severnake", "code": "SEVERC", "country": "AU", "lat": "3544.000S", "lon": "14602.916E", "elev": "404ft", "style": "1", "rwdir": null, "rwlen": null, "freq": null, "desc": "#410, Church, Turn Point", "Lat DM": "-35d 44.000", "Long DM": "146d 02.916" }, "geometry": { "type": "Point", "coordinates": [ 146.0486, -35.733333333333334 ] } },
{ "type": "Feature", "properties": { "CharName": "Severnake Church", "code": "SEVERNAK", "country": "AU", "lat": "3544.000S", "lon": "14602.917E", "elev": null, "style": "1", "rwdir": null, "rwlen": null, "freq": null, "desc": "Turn Point", "Lat DM": "-35d 44.000", "Long DM": "146d 02.917" }, "geometry": { "type": "Point", "coordinates": [ 146.048616666666675, -35.733333333333334 ] } },
{ "type": "Feature", "properties": { "CharName": "Seymour", "code": "SEYMOUR", "country": "AU", "lat": "3701.467S", "lon": "14508.317E", "elev": "479ft", "style": "1", "rwdir": null, "rwlen": null, "freq": null, "desc": "Turn Point, R/S", "Lat DM": "-37d 01.467", "Long DM": "145d 08.317" }, "geometry": { "type": "Point", "coordinates": [ 145.138616666666678, -37.02445 ] } },
{ "type": "Feature", "properties": { "CharName": "Seymour", "code": "413SEYMO", "country": "AU", "lat": "3701.467S", "lon": "14508.467E", "elev": "479ft", "style": "1", "rwdir": null, "rwlen": null, "freq": null, "desc": "#413, R/S, Turn Point", "Lat DM": "-37d 01.467", "Long DM": "145d 08.467" }, "geometry": { "type": "Point", "coordinates": [ 145.141116666666676, -37.02445 ] } },
{ "type": "Feature", "properties": { "CharName": "SHEP", "code": "119SHEP", "country": "AU", "lat": "3625.700S", "lon": "14523.283E", "elev": "370ft", "style": "2", "rwdir": "180", "rwlen": "1378.0m", "freq": "118.8", "desc": "YSHT, Shepparton A/D, Turn Point", "Lat DM": "-36d 25.700", "Long DM": "145d 23.283" }, "geometry": { "type": "Point", "coordinates": [ 145.38805, -36.428333333333335 ] } },
{ "type": "Feature", "properties": { "CharName": "Sheppartn AF", "code": "SHPPRTNF", "country": "AU", "lat": "3625.700S", "lon": "14523.600E", "elev": "371ft", "style": "2", "rwdir": null, "rwlen": "1378.0m", "freq": "118.8", "desc": "Turn Point, YSHT", "Lat DM": "-36d 25.700", "Long DM": "145d 23.600" }, "geometry": { "type": "Point", "coordinates": [ 145.393333333333345, -36.428333333333335 ] } },
{ "type": "Feature", "properties": { "CharName": "Shepparton", "code": "SHEPPH", "country": "AU", "lat": "3625.666S", "lon": "14523.650E", "elev": "371ft", "style": "1", "rwdir": null, "rwlen": null, "freq": null, "desc": "#414, Hangar, Turn Point", "Lat DM": "-36d 25.666", "Long DM": "145d 23.650" }, "geometry": { "type": "Point", "coordinates": [ 145.394166666666678, -36.427766666666663 ] } },
{ "type": "Feature", "properties": { "CharName": "Shepparton", "code": "82YSHT", "country": "AU", "lat": "3625.667S", "lon": "14523.650E", "elev": "371ft", "style": "5", "rwdir": "180", "rwlen": "1140.0m", "freq": "118.8", "desc": "YSHT, #82, Turn Point", "Lat DM": "-36d 25.667", "Long DM": "145d 23.650" }, "geometry": { "type": "Point", "coordinates": [ 145.394166666666678, -36.427783333333331 ] } },
{ "type": "Feature", "properties": { "CharName": "Shepparton", "code": "SHEPP", "country": "AU", "lat": "3625.733S", "lon": "14523.550E", "elev": "371ft", "style": "5", "rwdir": "180", "rwlen": "1380.0m", "freq": "118.8", "desc": "Airfield, YSHT, Turn Point", "Lat DM": "-36d 25.733", "Long DM": "145d 23.550" }, "geometry": { "type": "Point", "coordinates": [ 145.3925, -36.428883333333332 ] } },
{ "type": "Feature", "properties": { "CharName": "ShpAP", "code": "118SHN", "country": "AU", "lat": "3625.767S", "lon": "14523.483E", "elev": "380ft", "style": "5", "rwdir": null, "rwlen": null, "freq": "118.8", "desc": "YSHT, Turn Point, Shepparton Airport", "Lat DM": "-36d 25.767", "Long DM": "145d 23.483" }, "geometry": { "type": "Point", "coordinates": [ 145.391383333333323, -36.42945 ] } },
{ "type": "Feature", "properties": { "CharName": "Sloane", "code": "SLOANE", "country": "AU", "lat": "3554.750S", "lon": "14601.250E", "elev": "410ft", "style": "1", "rwdir": null, "rwlen": null, "freq": null, "desc": "Turn Point, silo twin, (N)", "Lat DM": "-35d 54.750", "Long DM": "146d 01.250" }, "geometry": { "type": "Point", "coordinates": [ 146.020833333333343, -35.9125 ] } },
{ "type": "Feature", "properties": { "CharName": "Spion Kopje", "code": "SPIONKPJ", "country": "AU", "lat": "3649.667S", "lon": "14716.983E", "elev": "6027ft", "style": "1", "rwdir": null, "rwlen": null, "freq": null, "desc": "Turn Point, Bogong high plains", "Lat DM": "-36d 49.667", "Long DM": "147d 16.983" }, "geometry": { "type": "Point", "coordinates": [ 147.28305, -36.827783333333336 ] } },
{ "type": "Feature", "properties": { "CharName": "Spn3 Benalla", "code": "SPN3BE", "country": "AU", "lat": "3623.950S", "lon": "14558.900E", "elev": "495ft", "style": "1", "rwdir": null, "rwlen": null, "freq": null, "desc": "BENALLA, Turn Point", "Lat DM": "-36d 23.950", "Long DM": "145d 58.900" }, "geometry": { "type": "Point", "coordinates": [ 145.981666666666655, -36.399166666666666 ] } },
{ "type": "Feature", "properties": { "CharName": "Spring Creek*", "code": "LS082", "country": "AU", "lat": "3616.128S", "lon": "14719.715E", "elev": "333.0m", "style": "3", "rwdir": null, "rwlen": null, "freq": null, "desc": "grass 05/23 520mx20m", "Lat DM": "-36d 16.128", "Long DM": "147d 19.715" }, "geometry": { "type": "Point", "coordinates": [ 147.328583333333341, -36.2688 ] } },
{ "type": "Feature", "properties": { "CharName": "Spring Hill", "code": "SPRNGHLL", "country": "AU", "lat": "3704.700S", "lon": "14745.017E", "elev": "3780ft", "style": "1", "rwdir": null, "rwlen": null, "freq": null, "desc": "Turn Point, summit", "Lat DM": "-37d 04.700", "Long DM": "147d 45.017" }, "geometry": { "type": "Point", "coordinates": [ 147.750283333333329, -37.078333333333333 ] } },
{ "type": "Feature", "properties": { "CharName": "Springhurst", "code": "SPRNGHRS", "country": "AU", "lat": "3611.200S", "lon": "14628.200E", "elev": "630ft", "style": "1", "rwdir": null, "rwlen": null, "freq": null, "desc": "Turn Point, silo", "Lat DM": "-36d 11.200", "Long DM": "146d 28.200" }, "geometry": { "type": "Point", "coordinates": [ 146.47, -36.186666666666667 ] } },
{ "type": "Feature", "properties": { "CharName": "Springhurst", "code": "122SPRINRST", "country": "AU", "lat": "3611.233S", "lon": "14628.117E", "elev": "696ft", "style": "1", "rwdir": null, "rwlen": null, "freq": null, "desc": "Turn Point", "Lat DM": "-36d 11.233", "Long DM": "146d 28.117" }, "geometry": { "type": "Point", "coordinates": [ 146.468616666666662, -36.187216666666664 ] } },
{ "type": "Feature", "properties": { "CharName": "Springhurst", "code": "SPRIHS", "country": "AU", "lat": "3611.233S", "lon": "14628.116E", "elev": "696ft", "style": "1", "rwdir": null, "rwlen": null, "freq": null, "desc": "#416, Silo, Turn Point", "Lat DM": "-36d 11.233", "Long DM": "146d 28.116" }, "geometry": { "type": "Point", "coordinates": [ 146.4686, -36.187216666666664 ] } },
{ "type": "Feature", "properties": { "CharName": "St James", "code": "ST JAMES", "country": "AU", "lat": "3616.283S", "lon": "14553.650E", "elev": "449ft", "style": "1", "rwdir": null, "rwlen": null, "freq": null, "desc": "Turn Point, silo", "Lat DM": "-36d 16.283", "Long DM": "145d 53.650" }, "geometry": { "type": "Point", "coordinates": [ 145.894166666666678, -36.271383333333333 ] } },
{ "type": "Feature", "properties": { "CharName": "St James", "code": "422STJAM", "country": "AU", "lat": "3617.000S", "lon": "14553.500E", "elev": "440ft", "style": "1", "rwdir": null, "rwlen": null, "freq": null, "desc": "#422, Turn Point", "Lat DM": "-36d 17.000", "Long DM": "145d 53.500" }, "geometry": { "type": "Point", "coordinates": [ 145.89166666666668, -36.283333333333331 ] } },
{ "type": "Feature", "properties": { "CharName": "Stacey's Bridge", "code": "STACSBRG", "country": "AU", "lat": "3626.567S", "lon": "14749.750E", "elev": "1677ft", "style": "1", "rwdir": null, "rwlen": null, "freq": null, "desc": "Turn Point, road bridge", "Lat DM": "-36d 26.567", "Long DM": "147d 49.750" }, "geometry": { "type": "Point", "coordinates": [ 147.82916666666668, -36.442783333333331 ] } },
{ "type": "Feature", "properties": { "CharName": "Stanhope", "code": "STANHOPE", "country": "AU", "lat": "3626.900S", "lon": "14458.933E", "elev": "358ft", "style": "1", "rwdir": null, "rwlen": null, "freq": null, "desc": "Turn Point, R/J next milk factory", "Lat DM": "-36d 26.900", "Long DM": "144d 58.933" }, "geometry": { "type": "Point", "coordinates": [ 144.982216666666659, -36.448333333333331 ] } },
{ "type": "Feature", "properties": { "CharName": "Stanhope", "code": "STANHS", "country": "AU", "lat": "3627.000S", "lon": "14458.666E", "elev": "371ft", "style": "1", "rwdir": null, "rwlen": null, "freq": null, "desc": "#418, Silo, Turn Point", "Lat DM": "-36d 27.000", "Long DM": "144d 58.666" }, "geometry": { "type": "Point", "coordinates": [ 144.977766666666668, -36.45 ] } },
{ "type": "Feature", "properties": { "CharName": "Stanhope", "code": "STANHOPE", "country": "AU", "lat": "3627.000S", "lon": "14458.667E", "elev": null, "style": "1", "rwdir": null, "rwlen": null, "freq": null, "desc": "Turn Point, Silo", "Lat DM": "-36d 27.000", "Long DM": "144d 58.667" }, "geometry": { "type": "Point", "coordinates": [ 144.977783333333321, -36.45 ] } },
{ "type": "Feature", "properties": { "CharName": "Start Point - North East", "code": "010ASHPK", "country": "AU", "lat": "3545.050S", "lon": "14541.567E", "elev": "400ft", "style": "3", "rwdir": "350", "rwlen": "1378.0m", "freq": "122.9", "desc": "#10, Start Point", "Lat DM": "-35d 45.050", "Long DM": "145d 41.567" }, "geometry": { "type": "Point", "coordinates": [ 145.692783333333324, -35.750833333333333 ] } },
{ "type": "Feature", "properties": { "CharName": "Start Point - North West", "code": "023TOCNW", "country": "AU", "lat": "3544.461S", "lon": "14531.914E", "elev": "355ft", "style": "1", "rwdir": null, "rwlen": null, "freq": null, "desc": "#13, Start Point", "Lat DM": "-35d 44.461", "Long DM": "145d 31.914" }, "geometry": { "type": "Point", "coordinates": [ 145.5319, -35.741016666666667 ] } },
{ "type": "Feature", "properties": { "CharName": "Start Point - South East", "code": "021TOCSE", "country": "AU", "lat": "3553.300S", "lon": "14541.148E", "elev": "370ft", "style": "1", "rwdir": null, "rwlen": null, "freq": null, "desc": "#11, Start Point", "Lat DM": "-35d 53.300", "Long DM": "145d 41.148" }, "geometry": { "type": "Point", "coordinates": [ 145.6858, -35.888333333333335 ] } },
{ "type": "Feature", "properties": { "CharName": "Start Point - South West", "code": "SP L", "country": "AU", "lat": "3551.000S", "lon": "14529.983E", "elev": "359ft", "style": "1", "rwdir": null, "rwlen": null, "freq": null, "desc": "#12, Start Point", "Lat DM": "-35d 51.000", "Long DM": "145d 29.983" }, "geometry": { "type": "Point", "coordinates": [ 145.499716666666671, -35.85 ] } },
{ "type": "Feature", "properties": { "CharName": "StNE", "code": "002STNE", "country": "AU", "lat": "3554.567S", "lon": "14627.533E", "elev": "464ft", "style": "1", "rwdir": null, "rwlen": null, "freq": null, "desc": "Turn Point, Start Point", "Lat DM": "-35d 54.567", "Long DM": "146d 27.533" }, "geometry": { "type": "Point", "coordinates": [ 146.458883333333347, -35.90945 ] } },
{ "type": "Feature", "properties": { "CharName": "StNW", "code": "003STNW", "country": "AU", "lat": "3555.017S", "lon": "14619.300E", "elev": "531ft", "style": "1", "rwdir": null, "rwlen": null, "freq": null, "desc": "Turn Point, Start Point", "Lat DM": "-35d 55.017", "Long DM": "146d 19.300" }, "geometry": { "type": "Point", "coordinates": [ 146.321666666666658, -35.91695 ] } },
{ "type": "Feature", "properties": { "CharName": "Strathbogie", "code": "STRATHBG", "country": "AU", "lat": "3650.350S", "lon": "14545.250E", "elev": "1729ft", "style": "2", "rwdir": "20", "rwlen": "730.0m", "freq": null, "desc": "Turn Point, grass 02/20 730m", "Lat DM": "-36d 50.350", "Long DM": "145d 45.250" }, "geometry": { "type": "Point", "coordinates": [ 145.754166666666663, -36.839166666666664 ] } },
{ "type": "Feature", "properties": { "CharName": "Strathbogie", "code": "76SBOG", "country": "AU", "lat": "3650.350S", "lon": "14545.233E", "elev": "1686ft", "style": "2", "rwdir": null, "rwlen": null, "freq": null, "desc": "#425, A/D, Turn Point", "Lat DM": "-36d 50.350", "Long DM": "145d 45.233" }, "geometry": { "type": "Point", "coordinates": [ 145.753883333333334, -36.839166666666664 ] } },
{ "type": "Feature", "properties": { "CharName": "Strathmerton", "code": "STRTHMRT", "country": "AU", "lat": "3555.583S", "lon": "14528.983E", "elev": "361ft", "style": "1", "rwdir": null, "rwlen": null, "freq": null, "desc": "Turn Point, rail junction", "Lat DM": "-35d 55.583", "Long DM": "145d 28.983" }, "geometry": { "type": "Point", "coordinates": [ 145.48305, -35.926383333333334 ] } },
{ "type": "Feature", "properties": { "CharName": "Strathmerton", "code": "STRATTON", "country": "AU", "lat": "3555.533S", "lon": "14528.700E", "elev": "367ft", "style": "1", "rwdir": null, "rwlen": null, "freq": null, "desc": "#424, Turn Point", "Lat DM": "-35d 55.533", "Long DM": "145d 28.700" }, "geometry": { "type": "Point", "coordinates": [ 145.478333333333325, -35.92555 ] } },
{ "type": "Feature", "properties": { "CharName": "StSE", "code": "004STSE", "country": "AU", "lat": "3602.183S", "lon": "14625.033E", "elev": "477ft", "style": "1", "rwdir": null, "rwlen": null, "freq": null, "desc": "Turn Point, Start Point", "Lat DM": "-36d 02.183", "Long DM": "146d 25.033" }, "geometry": { "type": "Point", "coordinates": [ 146.417216666666661, -36.036383333333333 ] } },
{ "type": "Feature", "properties": { "CharName": "StSW", "code": "005STSW", "country": "AU", "lat": "3601.100S", "lon": "14618.200E", "elev": "459ft", "style": "1", "rwdir": null, "rwlen": null, "freq": null, "desc": "Turn Point, Start Point", "Lat DM": "-36d 01.100", "Long DM": "146d 18.200" }, "geometry": { "type": "Point", "coordinates": [ 146.303333333333342, -36.018333333333331 ] } },
{ "type": "Feature", "properties": { "CharName": "Swanpool", "code": "048SWANP", "country": "AU", "lat": "3644.917S", "lon": "14600.050E", "elev": "717ft", "style": "1", "rwdir": null, "rwlen": null, "freq": null, "desc": "#68, Benalla Control Point South, Turn Point", "Lat DM": "-36d 44.917", "Long DM": "146d 00.050" }, "geometry": { "type": "Point", "coordinates": [ 146.000833333333333, -36.748616666666663 ] } },
{ "type": "Feature", "properties": { "CharName": "Tallangatta", "code": "TALLNGTT", "country": "AU", "lat": "3614.000S", "lon": "14708.000E", "elev": "610M", "style": "2", "rwdir": "130", "rwlen": "4", "freq": null, "desc": "13/31      G", "Lat DM": "-36d 14.000", "Long DM": "147d 08.000" }, "geometry": { "type": "Point", "coordinates": [ 147.133333333333326, -36.233333333333334 ] } },
{ "type": "Feature", "properties": { "CharName": "Tallangatta T", "code": "TLLNGTTT", "country": "AU", "lat": "3613.283S", "lon": "14710.317E", "elev": "732ft", "style": "1", "rwdir": null, "rwlen": null, "freq": null, "desc": "Turn Point, T junc (W into town)", "Lat DM": "-36d 13.283", "Long DM": "147d 10.317" }, "geometry": { "type": "Point", "coordinates": [ 147.17195, -36.221383333333335 ] } },
{ "type": "Feature", "properties": { "CharName": "Tallangatta Valley", "code": "TLLNGTTV", "country": "AU", "lat": "3617.167S", "lon": "14723.167E", "elev": "892ft", "style": "1", "rwdir": null, "rwlen": null, "freq": null, "desc": "Turn Point, T-junction", "Lat DM": "-36d 17.167", "Long DM": "147d 23.167" }, "geometry": { "type": "Point", "coordinates": [ 147.38611666666668, -36.286116666666665 ] } },
{ "type": "Feature", "properties": { "CharName": "Tallygaroopna", "code": "TALLGRPN", "country": "AU", "lat": "3614.217S", "lon": "14525.917E", "elev": "351ft", "style": "1", "rwdir": null, "rwlen": null, "freq": null, "desc": "Turn Point, silo", "Lat DM": "-36d 14.217", "Long DM": "145d 25.917" }, "geometry": { "type": "Point", "coordinates": [ 145.43195, -36.23695 ] } },
{ "type": "Feature", "properties": { "CharName": "Tallygaroopna", "code": "TALLYGAR", "country": "AU", "lat": "3614.217S", "lon": "14525.933E", "elev": "423ft", "style": "1", "rwdir": null, "rwlen": null, "freq": null, "desc": "#433, Silo, Turn Point", "Lat DM": "-36d 14.217", "Long DM": "145d 25.933" }, "geometry": { "type": "Point", "coordinates": [ 145.432216666666676, -36.23695 ] } },
{ "type": "Feature", "properties": { "CharName": "Tamleugh", "code": "Tamleugh", "country": "AU", "lat": "3631.603S", "lon": "14534.572E", "elev": "440ft", "style": "1", "rwdir": null, "rwlen": null, "freq": null, "desc": "#434, Turn Point", "Lat DM": "-36d 31.603", "Long DM": "145d 34.572" }, "geometry": { "type": "Point", "coordinates": [ 145.5762, -36.526716666666665 ] } },
{ "type": "Feature", "properties": { "CharName": "Tatong", "code": "TATONG", "country": "AU", "lat": "3643.850S", "lon": "14606.500E", "elev": "764ft", "style": "1", "rwdir": null, "rwlen": null, "freq": null, "desc": "Turn Point, x-roads", "Lat DM": "-36d 43.850", "Long DM": "146d 06.500" }, "geometry": { "type": "Point", "coordinates": [ 146.10833333333332, -36.730833333333337 ] } },
{ "type": "Feature", "properties": { "CharName": "Tatura", "code": "TATURA", "country": "AU", "lat": "3626.467S", "lon": "14514.000E", "elev": "390ft", "style": "1", "rwdir": null, "rwlen": null, "freq": null, "desc": "Turn Point, milk factory tanks", "Lat DM": "-36d 26.467", "Long DM": "145d 14.000" }, "geometry": { "type": "Point", "coordinates": [ 145.23333333333332, -36.441116666666666 ] } },
{ "type": "Feature", "properties": { "CharName": "Tatura", "code": "Tatura", "country": "AU", "lat": "3626.499S", "lon": "14513.882E", "elev": "376ft", "style": "1", "rwdir": null, "rwlen": null, "freq": null, "desc": "#435, Turn Point", "Lat DM": "-36d 26.499", "Long DM": "145d 13.882" }, "geometry": { "type": "Point", "coordinates": [ 145.231366666666673, -36.44165 ] } },
{ "type": "Feature", "properties": { "CharName": "Tawonga Hill", "code": "TAWNGHLL", "country": "AU", "lat": "3645.367S", "lon": "14704.150E", "elev": "4035ft", "style": "1", "rwdir": null, "rwlen": null, "freq": null, "desc": "Turn Point, summit", "Lat DM": "-36d 45.367", "Long DM": "147d 04.150" }, "geometry": { "type": "Point", "coordinates": [ 147.069166666666661, -36.756116666666664 ] } },
{ "type": "Feature", "properties": { "CharName": "The Boss", "code": "21BOSS", "country": "AU", "lat": "3650.383S", "lon": "14536.083E", "elev": "820ft", "style": "2", "rwdir": null, "rwlen": null, "freq": null, "desc": "#436, AD, Turn Point", "Lat DM": "-36d 50.383", "Long DM": "145d 36.083" }, "geometry": { "type": "Point", "coordinates": [ 145.601383333333331, -36.839716666666668 ] } },
{ "type": "Feature", "properties": { "CharName": "The Knocker", "code": "THEKNCKR", "country": "AU", "lat": "3652.450S", "lon": "14732.050E", "elev": "4970ft", "style": "1", "rwdir": null, "rwlen": null, "freq": null, "desc": "Turn Point, 5K E of Glen Valley", "Lat DM": "-36d 52.450", "Long DM": "147d 32.050" }, "geometry": { "type": "Point", "coordinates": [ 147.534166666666664, -36.874166666666667 ] } },
{ "type": "Feature", "properties": { "CharName": "The Pinnacle", "code": "THEPNNCL", "country": "AU", "lat": "3705.217S", "lon": "14624.933E", "elev": "4826ft", "style": "1", "rwdir": null, "rwlen": null, "freq": null, "desc": "Turn Point, summit", "Lat DM": "-37d 05.217", "Long DM": "146d 24.933" }, "geometry": { "type": "Point", "coordinates": [ 146.41555, -37.08695 ] } },
{ "type": "Feature", "properties": { "CharName": "The Twins", "code": "THETWINS", "country": "AU", "lat": "3701.367S", "lon": "14703.417E", "elev": "5512ft", "style": "1", "rwdir": null, "rwlen": null, "freq": null, "desc": "Turn Point, summit", "Lat DM": "-37d 01.367", "Long DM": "147d 03.417" }, "geometry": { "type": "Point", "coordinates": [ 147.05695, -37.022783333333336 ] } },
{ "type": "Feature", "properties": { "CharName": "The Viking", "code": "THEVIKNG", "country": "AU", "lat": "3707.167S", "lon": "14643.100E", "elev": "4885ft", "style": "1", "rwdir": null, "rwlen": null, "freq": null, "desc": "Turn Point, summit", "Lat DM": "-37d 07.167", "Long DM": "146d 43.100" }, "geometry": { "type": "Point", "coordinates": [ 146.718333333333334, -37.11945 ] } },
{ "type": "Feature", "properties": { "CharName": "THOO", "code": "127THOO", "country": "AU", "lat": "3620.333S", "lon": "14604.683E", "elev": "527ft", "style": "1", "rwdir": null, "rwlen": null, "freq": null, "desc": "Thoona, Turn Point", "Lat DM": "-36d 20.333", "Long DM": "146d 04.683" }, "geometry": { "type": "Point", "coordinates": [ 146.07805, -36.338883333333335 ] } },
{ "type": "Feature", "properties": { "CharName": "Thoona", "code": "Thoona", "country": "AU", "lat": "3620.340S", "lon": "14604.686E", "elev": "527ft", "style": "1", "rwdir": null, "rwlen": null, "freq": null, "desc": "#440, Turn Point", "Lat DM": "-36d 20.340", "Long DM": "146d 04.686" }, "geometry": { "type": "Point", "coordinates": [ 146.0781, -36.339 ] } },
{ "type": "Feature", "properties": { "CharName": "Toc A Fin Toocum", "code": "TOCAFI", "country": "AU", "lat": "3548.267S", "lon": "14536.300E", "elev": "436ft", "style": "1", "rwdir": null, "rwlen": null, "freq": null, "desc": "FINTOOCU, Turn Point", "Lat DM": "-35d 48.267", "Long DM": "145d 36.300" }, "geometry": { "type": "Point", "coordinates": [ 145.605, -35.80445 ] } },
{ "type": "Feature", "properties": { "CharName": "TocAP", "code": "TOCUMWAL", "country": "AU", "lat": "3548.400S", "lon": "14535.717E", "elev": "375ft", "style": "5", "rwdir": null, "rwlen": null, "freq": null, "desc": "YTOC, Turn Point, Tocumwal Airport", "Lat DM": "-35d 48.400", "Long DM": "145d 35.717" }, "geometry": { "type": "Point", "coordinates": [ 145.595283333333327, -35.806666666666665 ] } },
{ "type": "Feature", "properties": { "CharName": "Tocumwal", "code": "TOUMWAL", "country": "AU", "lat": "3548.650S", "lon": "14533.417E", "elev": null, "style": "1", "rwdir": null, "rwlen": null, "freq": null, "desc": "Turn Point, Silo", "Lat DM": "-35d 48.650", "Long DM": "145d 33.417" }, "geometry": { "type": "Point", "coordinates": [ 145.55695, -35.810833333333335 ] } },
{ "type": "Feature", "properties": { "CharName": "Tocumwal", "code": "TOCUMWAL", "country": "AU", "lat": "3548.680S", "lon": "14536.280E", "elev": null, "style": "1", "rwdir": null, "rwlen": null, "freq": null, "desc": "Turn Point, Runway Intersection in DECIMALS", "Lat DM": "-35d 48.680", "Long DM": "145d 36.280" }, "geometry": { "type": "Point", "coordinates": [ 145.604666666666674, -35.81133333333333 ] } },
{ "type": "Feature", "properties": { "CharName": "Tocumwal", "code": "TOMWAL", "country": "AU", "lat": "3548.700S", "lon": "14533.400E", "elev": null, "style": "1", "rwdir": null, "rwlen": null, "freq": null, "desc": "Turn Point, Silo", "Lat DM": "-35d 48.700", "Long DM": "145d 33.400" }, "geometry": { "type": "Point", "coordinates": [ 145.556666666666672, -35.811666666666667 ] } },
{ "type": "Feature", "properties": { "CharName": "Tocumwal", "code": "TOCUMWAL", "country": "AU", "lat": "3548.700S", "lon": "14536.500E", "elev": "371ft", "style": "5", "rwdir": "10", "rwlen": "1377.7", "freq": null, "desc": "Turn Point, A/F Rwy Int", "Lat DM": "-35d 48.700", "Long DM": "145d 36.500" }, "geometry": { "type": "Point", "coordinates": [ 145.60833333333332, -35.811666666666667 ] } },
{ "type": "Feature", "properties": { "CharName": "Tocumwal", "code": "TOCUMWAL", "country": "AU", "lat": "3548.733S", "lon": "14536.167E", "elev": "360ft", "style": "3", "rwdir": null, "rwlen": "4130ft", "freq": null, "desc": "Turn Point, YTOC, AD", "Lat DM": "-35d 48.733", "Long DM": "145d 36.167" }, "geometry": { "type": "Point", "coordinates": [ 145.602783333333321, -35.812216666666664 ] } },
{ "type": "Feature", "properties": { "CharName": "Tocumwal", "code": "TOMWAL", "country": "AU", "lat": "3548.833S", "lon": "14535.500E", "elev": null, "style": "1", "rwdir": null, "rwlen": null, "freq": null, "desc": "Turn Point, Terminal", "Lat DM": "-35d 48.833", "Long DM": "145d 35.500" }, "geometry": { "type": "Point", "coordinates": [ 145.591666666666669, -35.813883333333337 ] } },
{ "type": "Feature", "properties": { "CharName": "Tocumwal", "code": "87YTOC", "country": "AU", "lat": "3548.850S", "lon": "14536.717E", "elev": "372ft", "style": "5", "rwdir": "180", "rwlen": "1390.0m", "freq": "125.5", "desc": "YTOC, #87, Turn Point", "Lat DM": "-35d 48.850", "Long DM": "145d 36.717" }, "geometry": { "type": "Point", "coordinates": [ 145.61195, -35.814166666666665 ] } },
{ "type": "Feature", "properties": { "CharName": "Tocumwal", "code": "TOCUMWAL", "country": "AU", "lat": "3548.867S", "lon": "14535.550E", "elev": null, "style": "2", "rwdir": null, "rwlen": null, "freq": null, "desc": "Turn Point, A/D", "Lat DM": "-35d 48.867", "Long DM": "145d 35.550" }, "geometry": { "type": "Point", "coordinates": [ 145.5925, -35.81445 ] } },
{ "type": "Feature", "properties": { "CharName": "Tocumwal A/D", "code": "TOCUMWAL", "country": "AU", "lat": "3548.633S", "lon": "14536.250E", "elev": "371ft", "style": "2", "rwdir": "90", "rwlen": "1200.0m", "freq": "122.9", "desc": "Turn Point, YTOC, sealed 09/27 18/36", "Lat DM": "-35d 48.633", "Long DM": "145d 36.250" }, "geometry": { "type": "Point", "coordinates": [ 145.604166666666657, -35.81055 ] } },
{ "type": "Feature", "properties": { "CharName": "Tocumwal AD", "code": "82TOCA", "country": "AU", "lat": "3548.767S", "lon": "14536.200E", "elev": "387ft", "style": "2", "rwdir": "180", "rwlen": "1260.0m", "freq": "125.5", "desc": "#82, YTOC, Turn Point", "Lat DM": "-35d 48.767", "Long DM": "145d 36.200" }, "geometry": { "type": "Point", "coordinates": [ 145.603333333333325, -35.812783333333336 ] } },
{ "type": "Feature", "properties": { "CharName": "Tocumwal Airport", "code": "000TOCUM", "country": "AU", "lat": "3548.673S", "lon": "14536.277E", "elev": "371ft", "style": "5", "rwdir": "180", "rwlen": "1380.0m", "freq": "122.9", "desc": "#0, YTOC, Home Field, Start Point, Finish Point, Turn Point", "Lat DM": "-35d 48.673", "Long DM": "145d 36.277" }, "geometry": { "type": "Point", "coordinates": [ 145.604616666666658, -35.811216666666667 ] } },
{ "type": "Feature", "properties": { "CharName": "Tocumwal Gld", "code": "TOCUM", "country": "AU", "lat": "3548.683S", "lon": "14536.300E", "elev": "371ft", "style": "5", "rwdir": "180", "rwlen": "4134ft", "freq": "122.9", "desc": "Airport", "Lat DM": "-35d 48.683", "Long DM": "145d 36.300" }, "geometry": { "type": "Point", "coordinates": [ 145.605, -35.811383333333332 ] } },
{ "type": "Feature", "properties": { "CharName": "Tocumwal Hangar", "code": "TCMWLHNG", "country": "AU", "lat": "3548.933S", "lon": "14535.567E", "elev": null, "style": "2", "rwdir": null, "rwlen": null, "freq": null, "desc": "Turn Point", "Lat DM": "-35d 48.933", "Long DM": "145d 35.567" }, "geometry": { "type": "Point", "coordinates": [ 145.59278333333333, -35.81555 ] } },
{ "type": "Feature", "properties": { "CharName": "Tocumwal Rec Park*", "code": "LS067", "country": "AU", "lat": "3549.026S", "lon": "14531.791E", "elev": "112.0m", "style": "3", "rwdir": null, "rwlen": null, "freq": null, "desc": "04/22, gravel, 950mx20m", "Lat DM": "-35d 49.026", "Long DM": "145d 31.791" }, "geometry": { "type": "Point", "coordinates": [ 145.52985, -35.8171 ] } },
{ "type": "Feature", "properties": { "CharName": "Tocumwal silo", "code": "TOCMWLSL", "country": "AU", "lat": "3548.583S", "lon": "14533.400E", "elev": "371ft", "style": "1", "rwdir": null, "rwlen": null, "freq": null, "desc": "Turn Point, silo", "Lat DM": "-35d 48.583", "Long DM": "145d 33.400" }, "geometry": { "type": "Point", "coordinates": [ 145.556666666666672, -35.809716666666667 ] } },
{ "type": "Feature", "properties": { "CharName": "Tocumwal Strip*", "code": "LS068", "country": "AU", "lat": "3547.459S", "lon": "14534.253E", "elev": "111.0m", "style": "3", "rwdir": null, "rwlen": null, "freq": null, "desc": "grass 09/27 1450mx25m", "Lat DM": "-35d 47.459", "Long DM": "145d 34.253" }, "geometry": { "type": "Point", "coordinates": [ 145.570883333333342, -35.790983333333337 ] } },
{ "type": "Feature", "properties": { "CharName": "Tocumwal Terminal Building", "code": "TCMWLTRM", "country": "AU", "lat": "3548.800S", "lon": "14535.500E", "elev": null, "style": "1", "rwdir": null, "rwlen": null, "freq": null, "desc": "Turn Point", "Lat DM": "-35d 48.800", "Long DM": "145d 35.500" }, "geometry": { "type": "Point", "coordinates": [ 145.591666666666669, -35.813333333333333 ] } },
{ "type": "Feature", "properties": { "CharName": "Tocumwal Xroad", "code": "TCMWLXRD", "country": "AU", "lat": "3549.933S", "lon": "14536.317E", "elev": null, "style": "1", "rwdir": null, "rwlen": null, "freq": null, "desc": "Turn Point", "Lat DM": "-35d 49.933", "Long DM": "145d 36.317" }, "geometry": { "type": "Point", "coordinates": [ 145.605283333333347, -35.832216666666667 ] } },
{ "type": "Feature", "properties": { "CharName": "Tongala", "code": "TONGALA", "country": "AU", "lat": "3615.117S", "lon": "14456.917E", "elev": "344ft", "style": "1", "rwdir": null, "rwlen": null, "freq": null, "desc": "Turn Point, water tower", "Lat DM": "-36d 15.117", "Long DM": "144d 56.917" }, "geometry": { "type": "Point", "coordinates": [ 144.94861666666668, -36.25195 ] } },
{ "type": "Feature", "properties": { "CharName": "Tongala", "code": "TONGAL", "country": "AU", "lat": "3615.066S", "lon": "14456.916E", "elev": "344ft", "style": "1", "rwdir": null, "rwlen": null, "freq": null, "desc": "#444, Milk factory, Turn Point", "Lat DM": "-36d 15.066", "Long DM": "144d 56.916" }, "geometry": { "type": "Point", "coordinates": [ 144.9486, -36.2511 ] } },
{ "type": "Feature", "properties": { "CharName": "Tongala", "code": "88TONG", "country": "AU", "lat": "3615.067S", "lon": "14456.917E", "elev": "358ft", "style": "1", "rwdir": null, "rwlen": null, "freq": null, "desc": "Milk Factory, Turn Point", "Lat DM": "-36d 15.067", "Long DM": "144d 56.917" }, "geometry": { "type": "Point", "coordinates": [ 144.94861666666668, -36.251116666666668 ] } },
{ "type": "Feature", "properties": { "CharName": "Tongala Milk Fac", "code": "TONGAL", "country": "AU", "lat": "3615.000S", "lon": "14456.867E", "elev": "358ft", "style": "1", "rwdir": null, "rwlen": null, "freq": null, "desc": "MILKFACT, Turn Point", "Lat DM": "-36d 15.000", "Long DM": "144d 56.867" }, "geometry": { "type": "Point", "coordinates": [ 144.947783333333319, -36.25 ] } },
{ "type": "Feature", "properties": { "CharName": "Toombullup", "code": "128TMBLLP", "country": "AU", "lat": "3655.100S", "lon": "14615.983E", "elev": "2788ft", "style": "1", "rwdir": null, "rwlen": null, "freq": null, "desc": "Turn Point", "Lat DM": "-36d 55.100", "Long DM": "146d 15.983" }, "geometry": { "type": "Point", "coordinates": [ 146.266383333333323, -36.918333333333337 ] } },
{ "type": "Feature", "properties": { "CharName": "Toombullup", "code": "Toomblup", "country": "AU", "lat": "3655.359S", "lon": "14616.315E", "elev": "2756ft", "style": "1", "rwdir": null, "rwlen": null, "freq": null, "desc": "#445, Turn Point", "Lat DM": "-36d 55.359", "Long DM": "146d 16.315" }, "geometry": { "type": "Point", "coordinates": [ 146.271916666666669, -36.92265 ] } },
{ "type": "Feature", "properties": { "CharName": "TUMB", "code": "130TUMB", "country": "AU", "lat": "3545.750S", "lon": "14753.217E", "elev": "1991ft", "style": "2", "rwdir": "1", "rwlen": "1336.0m", "freq": null, "desc": "YTBM, Tumbarumba A/F, Turn Point, AU-0032", "Lat DM": "-35d 45.750", "Long DM": "147d 53.217" }, "geometry": { "type": "Point", "coordinates": [ 147.88695, -35.7625 ] } },
{ "type": "Feature", "properties": { "CharName": "Tumbarumba", "code": "Tumbarum", "country": "AU", "lat": "3545.745S", "lon": "14753.214E", "elev": "1991ft", "style": "2", "rwdir": null, "rwlen": null, "freq": null, "desc": "#452, A/F, AU-0032, Turn Point", "Lat DM": "-35d 45.745", "Long DM": "147d 53.214" }, "geometry": { "type": "Point", "coordinates": [ 147.8869, -35.762416666666667 ] } },
{ "type": "Feature", "properties": { "CharName": "Tumbarumba AF", "code": "TUMBRMBF", "country": "AU", "lat": "3545.767S", "lon": "14753.217E", "elev": "1995ft", "style": "5", "rwdir": null, "rwlen": null, "freq": null, "desc": "Turn Point, dirt/grass 18/36 1260m", "Lat DM": "-35d 45.767", "Long DM": "147d 53.217" }, "geometry": { "type": "Point", "coordinates": [ 147.88695, -35.762783333333331 ] } },
{ "type": "Feature", "properties": { "CharName": "TUNG", "code": "131TUNG", "country": "AU", "lat": "3609.867S", "lon": "14552.883E", "elev": "424ft", "style": "1", "rwdir": null, "rwlen": null, "freq": null, "desc": "Tungamah, Turn Point", "Lat DM": "-36d 09.867", "Long DM": "145d 52.883" }, "geometry": { "type": "Point", "coordinates": [ 145.881383333333332, -36.16445 ] } },
{ "type": "Feature", "properties": { "CharName": "Tungamah", "code": "TUNGAMAH", "country": "AU", "lat": "3609.867S", "lon": "14552.900E", "elev": "423ft", "style": "1", "rwdir": null, "rwlen": null, "freq": null, "desc": "Turn Point, silo", "Lat DM": "-36d 09.867", "Long DM": "145d 52.900" }, "geometry": { "type": "Point", "coordinates": [ 145.881666666666661, -36.16445 ] } },
{ "type": "Feature", "properties": { "CharName": "Tungamah", "code": "Tungamah", "country": "AU", "lat": "3609.862S", "lon": "14552.890E", "elev": "424ft", "style": "1", "rwdir": null, "rwlen": null, "freq": null, "desc": "#454, Turn Point", "Lat DM": "-36d 09.862", "Long DM": "145d 52.890" }, "geometry": { "type": "Point", "coordinates": [ 145.8815, -36.164366666666666 ] } },
{ "type": "Feature", "properties": { "CharName": "Tungamah", "code": "TUNGAMAH", "country": "AU", "lat": "3609.883S", "lon": "14527.783E", "elev": null, "style": "1", "rwdir": null, "rwlen": null, "freq": null, "desc": "Turn Point, Silo", "Lat DM": "-36d 09.883", "Long DM": "145d 27.783" }, "geometry": { "type": "Point", "coordinates": [ 145.46305, -36.164716666666664 ] } },
{ "type": "Feature", "properties": { "CharName": "Tungamah", "code": "129TUH", "country": "AU", "lat": "3610.083S", "lon": "14552.567E", "elev": "419ft", "style": "1", "rwdir": null, "rwlen": null, "freq": null, "desc": "Turn Point, Oval", "Lat DM": "-36d 10.083", "Long DM": "145d 52.567" }, "geometry": { "type": "Point", "coordinates": [ 145.876116666666661, -36.16805 ] } },
{ "type": "Feature", "properties": { "CharName": "Tuppal", "code": "TUPPAL", "country": "AU", "lat": "3541.167S", "lon": "14520.200E", "elev": "370ft", "style": "3", "rwdir": "230", "rwlen": null, "freq": "122.9", "desc": "#455, Landable, Turn Point", "Lat DM": "-35d 41.167", "Long DM": "145d 20.200" }, "geometry": { "type": "Point", "coordinates": [ 145.336666666666673, -35.686116666666663 ] } },
{ "type": "Feature", "properties": { "CharName": "Undera", "code": "Undera", "country": "AU", "lat": "3617.617S", "lon": "14513.950E", "elev": "351ft", "style": "1", "rwdir": null, "rwlen": null, "freq": null, "desc": "#456, Turn Point", "Lat DM": "-36d 17.617", "Long DM": "145d 13.950" }, "geometry": { "type": "Point", "coordinates": [ 145.2325, -36.293616666666665 ] } },
{ "type": "Feature", "properties": { "CharName": "Upper Lurg*", "code": "LS074", "country": "AU", "lat": "3635.320S", "lon": "14611.153E", "elev": "244.0m", "style": "3", "rwdir": null, "rwlen": null, "freq": null, "desc": "grass 12/30 425mx10m", "Lat DM": "-36d 35.320", "Long DM": "146d 11.153" }, "geometry": { "type": "Point", "coordinates": [ 146.185883333333322, -36.588666666666668 ] } },
{ "type": "Feature", "properties": { "CharName": "Upper Ryans Creek", "code": "UPPRRNSC", "country": "AU", "lat": "3637.583S", "lon": "14613.400E", "elev": "764ft", "style": "1", "rwdir": null, "rwlen": null, "freq": null, "desc": "Turn Point,  2 Y-intersections", "Lat DM": "-36d 37.583", "Long DM": "146d 13.400" }, "geometry": { "type": "Point", "coordinates": [ 146.223333333333329, -36.626383333333337 ] } },
{ "type": "Feature", "properties": { "CharName": "Violet Town", "code": "101VIOLT", "country": "AU", "lat": "3637.917S", "lon": "14542.100E", "elev": "584ft", "style": "17", "rwdir": null, "rwlen": null, "freq": null, "desc": "#101, Turn Point", "Lat DM": "-36d 37.917", "Long DM": "145d 42.100" }, "geometry": { "type": "Point", "coordinates": [ 145.701666666666654, -36.63195 ] } },
{ "type": "Feature", "properties": { "CharName": "Violet Town", "code": "463VIOLE", "country": "AU", "lat": "3638.267S", "lon": "14543.167E", "elev": "590ft", "style": "1", "rwdir": null, "rwlen": null, "freq": null, "desc": "#463, Railway X, Turn Point", "Lat DM": "-36d 38.267", "Long DM": "145d 43.167" }, "geometry": { "type": "Point", "coordinates": [ 145.71945, -36.637783333333331 ] } },
{ "type": "Feature", "properties": { "CharName": "W1", "code": "W1", "country": "AU", "lat": "3633.100S", "lon": "14552.300E", "elev": "571ft", "style": "1", "rwdir": null, "rwlen": null, "freq": "Start Point", "desc": null, "Lat DM": "-36d 33.100", "Long DM": "145d 52.300" }, "geometry": { "type": "Point", "coordinates": [ 145.87166666666667, -36.551666666666669 ] } },
{ "type": "Feature", "properties": { "CharName": "Wabba Peak", "code": "WABBA PK", "country": "AU", "lat": "3619.167S", "lon": "14744.367E", "elev": "3750ft", "style": "1", "rwdir": null, "rwlen": null, "freq": null, "desc": "Turn Point, north peak", "Lat DM": "-36d 19.167", "Long DM": "147d 44.367" }, "geometry": { "type": "Point", "coordinates": [ 147.73945, -36.31945 ] } },
{ "type": "Feature", "properties": { "CharName": "Wagga", "code": "132WGD", "country": "AU", "lat": "3613.783S", "lon": "14546.950E", "elev": "417ft", "style": "1", "rwdir": null, "rwlen": null, "freq": null, "desc": "Turn Point, Waggarandall", "Lat DM": "-36d 13.783", "Long DM": "145d 46.950" }, "geometry": { "type": "Point", "coordinates": [ 145.7825, -36.229716666666668 ] } },
{ "type": "Feature", "properties": { "CharName": "Waggarandall", "code": "Waggaran", "country": "AU", "lat": "3615.030S", "lon": "14548.076E", "elev": "446ft", "style": "1", "rwdir": null, "rwlen": null, "freq": null, "desc": "#464, Turn Point", "Lat DM": "-36d 15.030", "Long DM": "145d 48.076" }, "geometry": { "type": "Point", "coordinates": [ 145.801266666666663, -36.2505 ] } },
{ "type": "Feature", "properties": { "CharName": "WAGL", "code": "134WAGL", "country": "AU", "lat": "3615.033S", "lon": "14548.083E", "elev": "446ft", "style": "1", "rwdir": null, "rwlen": null, "freq": null, "desc": "Waggarandall, Turn Point", "Lat DM": "-36d 15.033", "Long DM": "145d 48.083" }, "geometry": { "type": "Point", "coordinates": [ 145.80138333333332, -36.25055 ] } },
{ "type": "Feature", "properties": { "CharName": "Wahring Field", "code": "WHRNGFLD", "country": "AU", "lat": "3640.833S", "lon": "14514.567E", "elev": "413ft", "style": "2", "rwdir": "30", "rwlen": "1400.0m", "freq": "121.1", "desc": "Turn Point, YWHG, grass 03/21 1400m", "Lat DM": "-36d 40.833", "Long DM": "145d 14.567" }, "geometry": { "type": "Point", "coordinates": [ 145.242783333333335, -36.68055 ] } },
{ "type": "Feature", "properties": { "CharName": "Wahring Station", "code": "WHRNGST", "country": "AU", "lat": "3641.667S", "lon": "14511.767E", "elev": "407ft", "style": "2", "rwdir": "40", "rwlen": "540.0m", "freq": null, "desc": "Turn Point, grass 04/22 540m", "Lat DM": "-36d 41.667", "Long DM": "145d 11.767" }, "geometry": { "type": "Point", "coordinates": [ 145.196116666666654, -36.69445 ] } },
{ "type": "Feature", "properties": { "CharName": "Walbu", "code": "134WLB", "country": "AU", "lat": "3541.617S", "lon": "14643.917E", "elev": "610ft", "style": "1", "rwdir": null, "rwlen": null, "freq": null, "desc": "Turn Point, Walbundrie", "Lat DM": "-35d 41.617", "Long DM": "146d 43.917" }, "geometry": { "type": "Point", "coordinates": [ 146.73195, -35.693616666666664 ] } },
{ "type": "Feature", "properties": { "CharName": "Walbundrie", "code": "WALBUNDR", "country": "AU", "lat": "3541.417S", "lon": "14643.283E", "elev": "577ft", "style": "1", "rwdir": null, "rwlen": null, "freq": null, "desc": "Turn Point, x-roads", "Lat DM": "-35d 41.417", "Long DM": "146d 43.283" }, "geometry": { "type": "Point", "coordinates": [ 146.721383333333335, -35.690283333333333 ] } },
{ "type": "Feature", "properties": { "CharName": "Walbundrie", "code": "WALBUN", "country": "AU", "lat": "3541.100S", "lon": "14643.000E", "elev": "548ft", "style": "1", "rwdir": null, "rwlen": null, "freq": null, "desc": "Turn Point", "Lat DM": "-35d 41.100", "Long DM": "146d 43.000" }, "geometry": { "type": "Point", "coordinates": [ 146.716666666666669, -35.685 ] } },
{ "type": "Feature", "properties": { "CharName": "Walbundrie", "code": "WALBUN", "country": "AU", "lat": "3541.166S", "lon": "14643.000E", "elev": "548ft", "style": "1", "rwdir": null, "rwlen": null, "freq": null, "desc": "#468, Turn Point", "Lat DM": "-35d 41.166", "Long DM": "146d 43.000" }, "geometry": { "type": "Point", "coordinates": [ 146.716666666666669, -35.6861 ] } },
{ "type": "Feature", "properties": { "CharName": "Walbundrie", "code": "WALBUNDR", "country": "AU", "lat": "3541.167S", "lon": "14643.000E", "elev": null, "style": "1", "rwdir": null, "rwlen": null, "freq": null, "desc": "Turn Point", "Lat DM": "-35d 41.167", "Long DM": "146d 43.000" }, "geometry": { "type": "Point", "coordinates": [ 146.716666666666669, -35.686116666666663 ] } },
{ "type": "Feature", "properties": { "CharName": "Walbundrie", "code": "95WALB", "country": "AU", "lat": "3541.417S", "lon": "14643.267E", "elev": "607ft", "style": "1", "rwdir": null, "rwlen": null, "freq": null, "desc": "#95, Turn Point", "Lat DM": "-35d 41.417", "Long DM": "146d 43.267" }, "geometry": { "type": "Point", "coordinates": [ 146.72111666666666, -35.690283333333333 ] } },
{ "type": "Feature", "properties": { "CharName": "Walla Walla", "code": "WALLAWLL", "country": "AU", "lat": "3545.817S", "lon": "14653.917E", "elev": "699ft", "style": "1", "rwdir": null, "rwlen": null, "freq": null, "desc": "Turn Point, silo", "Lat DM": "-35d 45.817", "Long DM": "146d 53.917" }, "geometry": { "type": "Point", "coordinates": [ 146.898616666666669, -35.763616666666664 ] } },
{ "type": "Feature", "properties": { "CharName": "Walla Walla", "code": "WALLAW", "country": "AU", "lat": "3546.083S", "lon": "14654.183E", "elev": "610ft", "style": "1", "rwdir": null, "rwlen": null, "freq": null, "desc": "#469, Silo, Turn Point", "Lat DM": "-35d 46.083", "Long DM": "146d 54.183" }, "geometry": { "type": "Point", "coordinates": [ 146.90305, -35.76805 ] } },
{ "type": "Feature", "properties": { "CharName": "Walwa", "code": "WALWA", "country": "AU", "lat": "3557.833S", "lon": "14744.133E", "elev": "722ft", "style": "1", "rwdir": null, "rwlen": null, "freq": null, "desc": "Turn Point, x-roads", "Lat DM": "-35d 57.833", "Long DM": "147d 44.133" }, "geometry": { "type": "Point", "coordinates": [ 147.73555, -35.963883333333335 ] } },
{ "type": "Feature", "properties": { "CharName": "Walwa", "code": "WALWA", "country": "AU", "lat": "3558.000S", "lon": "14744.000E", "elev": "1001ft", "style": "2", "rwdir": "180", "rwlen": "540.0m", "freq": null, "desc": "#471, Airport, Turn Point", "Lat DM": "-35d 58.000", "Long DM": "147d 44.000" }, "geometry": { "type": "Point", "coordinates": [ 147.73333333333332, -35.966666666666669 ] } },
{ "type": "Feature", "properties": { "CharName": "Wangaratta", "code": "WAGARATT", "country": "AU", "lat": "3623.167S", "lon": "14618.000E", "elev": null, "style": "1", "rwdir": null, "rwlen": null, "freq": null, "desc": "Turn Point", "Lat DM": "-36d 23.167", "Long DM": "146d 18.000" }, "geometry": { "type": "Point", "coordinates": [ 146.3, -36.386116666666666 ] } },
{ "type": "Feature", "properties": { "CharName": "Wangaratta A/D", "code": "WANGARTT", "country": "AU", "lat": "3625.183S", "lon": "14618.450E", "elev": "502ft", "style": "2", "rwdir": "180", "rwlen": "1640.0m", "freq": "119.1", "desc": "Turn Point, YWGT, sealed 18/36 grass 09/27", "Lat DM": "-36d 25.183", "Long DM": "146d 18.450" }, "geometry": { "type": "Point", "coordinates": [ 146.3075, -36.419716666666666 ] } },
{ "type": "Feature", "properties": { "CharName": "Wangaratta old A/D", "code": "WNGRTTLD", "country": "AU", "lat": "3622.367S", "lon": "14618.167E", "elev": "486ft", "style": "3", "rwdir": "80", "rwlen": "1200.0m", "freq": null, "desc": "Turn Point, grass 08/26 1200m", "Lat DM": "-36d 22.367", "Long DM": "146d 18.167" }, "geometry": { "type": "Point", "coordinates": [ 146.302783333333338, -36.372783333333331 ] } },
{ "type": "Feature", "properties": { "CharName": "Wangaratta R/S", "code": "WNGRTTRS", "country": "AU", "lat": "3621.283S", "lon": "14619.017E", "elev": "486ft", "style": "1", "rwdir": null, "rwlen": null, "freq": null, "desc": "Turn Point, N one", "Lat DM": "-36d 21.283", "Long DM": "146d 19.017" }, "geometry": { "type": "Point", "coordinates": [ 146.31695, -36.354716666666668 ] } },
{ "type": "Feature", "properties": { "CharName": "Wangaratta Town", "code": "WANGAR", "country": "AU", "lat": "3622.000S", "lon": "14620.000E", "elev": "617ft", "style": "1", "rwdir": null, "rwlen": null, "freq": null, "desc": "#473, Turn Point", "Lat DM": "-36d 22.000", "Long DM": "146d 20.000" }, "geometry": { "type": "Point", "coordinates": [ 146.333333333333343, -36.366666666666667 ] } },
{ "type": "Feature", "properties": { "CharName": "Warragoon", "code": "WARRAGON", "country": "AU", "lat": "3549.217S", "lon": "14602.550E", "elev": "410ft", "style": "1", "rwdir": null, "rwlen": null, "freq": null, "desc": "Turn Point, silo", "Lat DM": "-35d 49.217", "Long DM": "146d 02.550" }, "geometry": { "type": "Point", "coordinates": [ 146.0425, -35.820283333333336 ] } },
{ "type": "Feature", "properties": { "CharName": "Waterfall Creek", "code": "WTRFLLCR", "country": "AU", "lat": "3622.150S", "lon": "14726.433E", "elev": "1204ft", "style": "2", "rwdir": "60", "rwlen": "400.0m", "freq": null, "desc": "Turn Point, grass 06/24 400m", "Lat DM": "-36d 22.150", "Long DM": "147d 26.433" }, "geometry": { "type": "Point", "coordinates": [ 147.44055, -36.369166666666665 ] } },
{ "type": "Feature", "properties": { "CharName": "Whitfield", "code": "WHITFILD", "country": "AU", "lat": "3645.950S", "lon": "14624.850E", "elev": "833ft", "style": "1", "rwdir": null, "rwlen": null, "freq": null, "desc": "Turn Point, T-junction", "Lat DM": "-36d 45.950", "Long DM": "146d 24.850" }, "geometry": { "type": "Point", "coordinates": [ 146.414166666666659, -36.765833333333333 ] } },
{ "type": "Feature", "properties": { "CharName": "Wilby", "code": "WILBY", "country": "AU", "lat": "3609.483S", "lon": "14601.000E", "elev": "492ft", "style": "1", "rwdir": null, "rwlen": null, "freq": null, "desc": "Turn Point, 4-way junction", "Lat DM": "-36d 09.483", "Long DM": "146d 01.000" }, "geometry": { "type": "Point", "coordinates": [ 146.01666666666668, -36.15805 ] } },
{ "type": "Feature", "properties": { "CharName": "Williams Island", "code": "Williand", "country": "AU", "lat": "3602.471S", "lon": "14611.742E", "elev": "434ft", "style": "1", "rwdir": null, "rwlen": null, "freq": null, "desc": "#487, Turn Point", "Lat DM": "-36d 02.471", "Long DM": "146d 11.742" }, "geometry": { "type": "Point", "coordinates": [ 146.1957, -36.041183333333336 ] } },
{ "type": "Feature", "properties": { "CharName": "Winton", "code": "WINTON", "country": "AU", "lat": "3631.000S", "lon": "14605.233E", "elev": "587ft", "style": "1", "rwdir": null, "rwlen": null, "freq": null, "desc": "Turn Point, race track centre", "Lat DM": "-36d 31.000", "Long DM": "146d 05.233" }, "geometry": { "type": "Point", "coordinates": [ 146.087216666666677, -36.516666666666666 ] } },
{ "type": "Feature", "properties": { "CharName": "Winton", "code": "WINTON", "country": "AU", "lat": "3631.017S", "lon": "14605.233E", "elev": "591ft", "style": "1", "rwdir": null, "rwlen": null, "freq": "Car Racetrack", "desc": null, "Lat DM": "-36d 31.017", "Long DM": "146d 05.233" }, "geometry": { "type": "Point", "coordinates": [ 146.087216666666677, -36.51695 ] } },
{ "type": "Feature", "properties": { "CharName": "Winton", "code": "489WINTO", "country": "AU", "lat": "3631.017S", "lon": "14605.234E", "elev": "591ft", "style": "1", "rwdir": null, "rwlen": null, "freq": null, "desc": "#489, Car racetrack, Turn Point", "Lat DM": "-36d 31.017", "Long DM": "146d 05.234" }, "geometry": { "type": "Point", "coordinates": [ 146.08723333333333, -36.51695 ] } },
{ "type": "Feature", "properties": { "CharName": "Woodfield", "code": "WODFI", "country": "AU", "lat": "3702.000S", "lon": "14548.000E", "elev": "1001ft", "style": "2", "rwdir": "180", "rwlen": "800.0m", "freq": null, "desc": "#491, Airport, Turn Point", "Lat DM": "-37d 02.000", "Long DM": "145d 48.000" }, "geometry": { "type": "Point", "coordinates": [ 145.8, -37.033333333333331 ] } },
{ "type": "Feature", "properties": { "CharName": "Wunghnu", "code": "WUNGHNU", "country": "AU", "lat": "3609.183S", "lon": "14526.100E", "elev": "354ft", "style": "1", "rwdir": null, "rwlen": null, "freq": null, "desc": "Turn Point, silo (E side town)", "Lat DM": "-36d 09.183", "Long DM": "145d 26.100" }, "geometry": { "type": "Point", "coordinates": [ 145.435, -36.15305 ] } },
{ "type": "Feature", "properties": { "CharName": "Wunghnu", "code": "498WUNGH", "country": "AU", "lat": "3608.929S", "lon": "14525.880E", "elev": "355ft", "style": "1", "rwdir": null, "rwlen": null, "freq": null, "desc": "#498, Turn Point", "Lat DM": "-36d 08.929", "Long DM": "145d 25.880" }, "geometry": { "type": "Point", "coordinates": [ 145.431333333333328, -36.148816666666669 ] } },
{ "type": "Feature", "properties": { "CharName": "Wungnu", "code": "WUNGNU", "country": "AU", "lat": "3609.000S", "lon": "14527.000E", "elev": "361ft", "style": "1", "rwdir": null, "rwlen": null, "freq": null, "desc": "Turn Point", "Lat DM": "-36d 09.000", "Long DM": "145d 27.000" }, "geometry": { "type": "Point", "coordinates": [ 145.45, -36.15 ] } },
{ "type": "Feature", "properties": { "CharName": "Wyuna", "code": "Wyuna", "country": "AU", "lat": "3612.950S", "lon": "14503.417E", "elev": null, "style": "0", "rwdir": null, "rwlen": null, "freq": null, "desc": "#501, Turn Point", "Lat DM": "-36d 12.950", "Long DM": "145d 03.417" }, "geometry": { "type": "Point", "coordinates": [ 145.05695, -36.215833333333336 ] } },
{ "type": "Feature", "properties": { "CharName": "Yackandandah", "code": "YCKNDNDH", "country": "AU", "lat": "3618.783S", "lon": "14650.267E", "elev": "928ft", "style": "1", "rwdir": null, "rwlen": null, "freq": null, "desc": "Turn Point, x-roads (central)", "Lat DM": "-36d 18.783", "Long DM": "146d 50.267" }, "geometry": { "type": "Point", "coordinates": [ 146.837783333333334, -36.31305 ] } },
{ "type": "Feature", "properties": { "CharName": "Yalca", "code": "145YLC", "country": "AU", "lat": "3555.400S", "lon": "14519.900E", "elev": "346ft", "style": "1", "rwdir": null, "rwlen": null, "freq": null, "desc": "Turn Point, Yalca", "Lat DM": "-35d 55.400", "Long DM": "145d 19.900" }, "geometry": { "type": "Point", "coordinates": [ 145.331666666666678, -35.923333333333332 ] } },
{ "type": "Feature", "properties": { "CharName": "YARA", "code": "143YARA", "country": "AU", "lat": "3601.733S", "lon": "14601.717E", "elev": "400ft", "style": "5", "rwdir": "10", "rwlen": "1200", "freq": "126.7", "desc": "YYWG, Yarrawonga A/D, Turn Point", "Lat DM": "-36d 01.733", "Long DM": "146d 01.717" }, "geometry": { "type": "Point", "coordinates": [ 146.028616666666665, -36.028883333333333 ] } },
{ "type": "Feature", "properties": { "CharName": "YarAP", "code": "146YWA", "country": "AU", "lat": "3601.850S", "lon": "14601.667E", "elev": "423ft", "style": "5", "rwdir": null, "rwlen": null, "freq": "126.7", "desc": "YYWG, Turn Point, Yarrawonga Airport", "Lat DM": "-36d 01.850", "Long DM": "146d 01.667" }, "geometry": { "type": "Point", "coordinates": [ 146.027783333333332, -36.030833333333334 ] } },
{ "type": "Feature", "properties": { "CharName": "Yarrawonga", "code": "YARRAWNG", "country": "AU", "lat": "3601.000S", "lon": "14600.000E", "elev": null, "style": "1", "rwdir": null, "rwlen": null, "freq": null, "desc": "Turn Point", "Lat DM": "-36d 01.000", "Long DM": "146d 00.000" }, "geometry": { "type": "Point", "coordinates": [ 146.0, -36.016666666666666 ] } },
{ "type": "Feature", "properties": { "CharName": "Yarrawonga", "code": "YARRAWON", "country": "AU", "lat": "3601.133S", "lon": "14559.817E", "elev": null, "style": "1", "rwdir": null, "rwlen": null, "freq": null, "desc": "Turn Point, Silo", "Lat DM": "-36d 01.133", "Long DM": "145d 59.817" }, "geometry": { "type": "Point", "coordinates": [ 145.99695, -36.018883333333335 ] } },
{ "type": "Feature", "properties": { "CharName": "Yarrawonga", "code": "YARRW", "country": "AU", "lat": "3601.883S", "lon": "14601.700E", "elev": "420ft", "style": "5", "rwdir": "10", "rwlen": "3740ft", "freq": "118.6", "desc": "Airport", "Lat DM": "-36d 01.883", "Long DM": "146d 01.700" }, "geometry": { "type": "Point", "coordinates": [ 146.028333333333336, -36.031383333333331 ] } },
{ "type": "Feature", "properties": { "CharName": "Yarrawonga", "code": "YWG", "country": "AU", "lat": "3601.917S", "lon": "14601.667E", "elev": "411ft", "style": "5", "rwdir": "220", "rwlen": "1140.0m", "freq": "125.2", "desc": "#505, YYWG, Turn Point", "Lat DM": "-36d 01.917", "Long DM": "146d 01.667" }, "geometry": { "type": "Point", "coordinates": [ 146.027783333333332, -36.03195 ] } },
{ "type": "Feature", "properties": { "CharName": "Yarrawonga A/D", "code": "YARRAWNG", "country": "AU", "lat": "3601.667S", "lon": "14601.717E", "elev": "427ft", "style": "5", "rwdir": "10", "rwlen": "1143.0m", "freq": "126.7", "desc": "Turn Point, YYWG, sealed 01/19 grass 05/23", "Lat DM": "-36d 01.667", "Long DM": "146d 01.717" }, "geometry": { "type": "Point", "coordinates": [ 146.028616666666665, -36.027783333333332 ] } },
{ "type": "Feature", "properties": { "CharName": "Yarrawonga AF", "code": "YARRAWNG", "country": "AU", "lat": "3601.817S", "lon": "14601.683E", "elev": "423.2ft", "style": "2", "rwdir": null, "rwlen": null, "freq": null, "desc": "Turn Point", "Lat DM": "-36d 01.817", "Long DM": "146d 01.683" }, "geometry": { "type": "Point", "coordinates": [ 146.02805, -36.030283333333337 ] } },
{ "type": "Feature", "properties": { "CharName": "Yarrawonga silo", "code": "YRRWNGSL", "country": "AU", "lat": "3601.033S", "lon": "14559.900E", "elev": "417ft", "style": "1", "rwdir": null, "rwlen": null, "freq": null, "desc": "Turn Point, silo, large stack", "Lat DM": "-36d 01.033", "Long DM": "145d 59.900" }, "geometry": { "type": "Point", "coordinates": [ 145.998333333333335, -36.01721666666667 ] } },
{ "type": "Feature", "properties": { "CharName": "Yarrawonga South*", "code": "LS456", "country": "AU", "lat": "3605.720S", "lon": "14604.840E", "elev": "133.0m", "style": "3", "rwdir": null, "rwlen": null, "freq": null, "desc": "grass 05/23 870m 40m", "Lat DM": "-36d 05.720", "Long DM": "146d 04.840" }, "geometry": { "type": "Point", "coordinates": [ 146.080666666666673, -36.095333333333336 ] } },
{ "type": "Feature", "properties": { "CharName": "Yarrn", "code": "mkjg", "country": "AU", "lat": "3552.529S", "lon": "14558.877E", "elev": "417ft", "style": "1", "rwdir": null, "rwlen": null, "freq": null, "desc": "#507, Turn Point", "Lat DM": "-35d 52.529", "Long DM": "145d 58.877" }, "geometry": { "type": "Point", "coordinates": [ 145.981283333333323, -35.875483333333335 ] } },
{ "type": "Feature", "properties": { "CharName": "Yarroweyah", "code": "YARROWEH", "country": "AU", "lat": "3555.517S", "lon": "14533.567E", "elev": "367ft", "style": "1", "rwdir": null, "rwlen": null, "freq": null, "desc": "Turn Point, x-roads", "Lat DM": "-35d 55.517", "Long DM": "145d 33.567" }, "geometry": { "type": "Point", "coordinates": [ 145.55945, -35.925283333333333 ] } },
{ "type": "Feature", "properties": { "CharName": "Yea AF", "code": "YEA AF", "country": "AU", "lat": "3710.517S", "lon": "14519.383E", "elev": "509ft", "style": "5", "rwdir": null, "rwlen": null, "freq": null, "desc": "Turn Point, grass 16/34 860m", "Lat DM": "-37d 10.517", "Long DM": "145d 19.383" }, "geometry": { "type": "Point", "coordinates": [ 145.32305, -37.175283333333333 ] } }
]
}
